ID,LAT,LON,AZI,TYPE,DEPTH,QUALITY,REGIME
wsm01584,-15.970,117.570,122,BOT,1.05,C,U
wsm01640,-38.520,117.850,120,FMS,25.00,D,TF
wsm01694,-21.299,113.690,0,BOC,1.79,E,U
wsm01695,-38.251,147.854,127,BO,2.64,A,U
wsm01696,-38.374,148.239,80,BO,1.93,B,U
wsm01697,-37.502,139.235,155,BOC,2.20,A,U
wsm01698,-38.555,148.549,135,BOC,2.54,C,U
wsm01699,-19.097,116.136,140,BO,3.03,C,U
wsm01700,-20.215,115.066,139,BO,0.00,A,U
wsm01701,-12.195,124.496,146,BOC,3.95,E,U
wsm02284,-17.260,123.829,48,BOC,2.24,B,U
wsm02285,-18.017,122.608,56,BOC,1.91,A,U
wsm02286,-17.969,122.724,28,BOC,1.59,C,U
wsm02287,-21.740,148.050,1,HFM,0.12,C,TF
wsm02288,-22.920,148.610,29,HFM,0.13,C,TF
wsm02289,-33.173,151.500,5,OC,0.09,D,TF
wsm02290,-34.318,150.880,33,OC,0.43,D,TF
wsm02291,-31.190,121.780,50,HFM,0.60,C,SS
wsm02292,-30.370,116.940,70,HFM,0.06,C,TF
wsm02293,-38.189,147.816,131,BO,2.54,A,U
wsm02294,-27.663,149.458,143,BOC,2.00,C,U
wsm02295,-26.805,149.322,162,BOC,2.51,C,U
wsm02296,-24.227,133.896,4,BOC,2.50,D,U
wsm02297,-22.250,131.080,6,BOC,1.44,B,U
wsm02298,-26.528,125.614,100,BOC,2.18,B,U
wsm02299,-17.758,124.572,40,BOC,2.80,A,U
wsm02300,-38.632,143.143,0,BOC,2.73,E,U
wsm02877,-11.160,118.410,76,FMS,29.00,C,NF
wsm02962,-36.720,148.240,146,FMS,6.00,D,TF
wsm02963,-36.220,149.640,147,FMS,15.00,D,TF
wsm02964,-34.550,150.500,46,FMS,9.00,C,TF
wsm02965,-36.220,148.780,136,FMA,5.00,D,SS
wsm02966,-34.220,147.470,2,FMS,4.00,C,SS
wsm02967,-35.030,149.020,91,FMS,5.00,C,SS
wsm02968,-37.880,144.270,112,FMS,21.00,D,TF
wsm02969,-34.240,150.900,98,FMS,12.00,D,TF
wsm02970,-36.690,148.330,96,FMS,6.00,D,SS
wsm02971,-34.020,147.330,124,FMS,4.00,C,TF
wsm02972,-37.205,146.956,119,FMS,17.00,C,TF
wsm02973,-26.190,132.770,66,FMS,1.50,C,TF
wsm02974,-34.170,150.320,73,FMS,21.00,C,TF
wsm02975,-25.010,136.370,145,FMS,12.00,D,TF
wsm02976,-34.890,149.340,75,FMS,2.00,D,SS
wsm02977,-22.080,126.650,78,FMS,8.00,C,TF
wsm04202,-35.910,150.360,8,OC,0.00,E,TF
wsm04582,-35.680,145.820,77,OC,0.00,E,TS
wsm04583,-42.000,146.800,155,OC,0.00,E,U
wsm04584,-32.660,117.170,79,OC,0.01,E,TS
wsm04585,-32.370,117.200,34,OC,0.01,E,TS
wsm04586,-30.670,117.160,174,OC,0.01,E,TF
wsm04587,-32.540,117.190,144,OC,0.01,E,TS
wsm04588,-32.970,117.380,68,OC,0.01,E,TS
wsm04589,-33.330,117.400,179,OC,0.01,E,TS
wsm04590,-31.140,116.880,14,OC,0.01,E,TS
wsm04591,-34.370,147.070,81,OC,0.01,E,TS
wsm04592,-37.180,144.750,73,HFM,0.01,C,TS
wsm04593,-32.210,117.200,97,OC,0.01,E,TS
wsm04594,-35.680,145.820,72,HFM,0.12,B,TF
wsm04595,-31.690,116.350,149,OC,0.01,E,TS
wsm04596,-18.500,144.700,45,GVA,0.00,E,U
wsm04597,-30.870,116.930,66,OC,0.01,E,TS
wsm04598,-20.000,145.000,45,GVA,0.00,E,U
wsm04599,-31.200,121.670,98,OC,0.09,D,U
wsm04600,-19.450,133.950,32,OC,0.28,B,TS
wsm04601,-35.070,139.020,173,OC,0.06,D,U
wsm04602,-36.430,148.620,3,OC,0.01,E,TF
wsm04603,-34.200,146.800,102,OC,0.01,E,TF
wsm04604,-35.410,150.360,12,OC,0.01,E,TF
wsm05079,-32.280,151.000,88,OC,0.18,D,SS
wsm05221,-16.616,146.784,156,BO,0.00,B,U
wsm05222,-16.423,146.215,122,BO,0.00,C,U
wsm05223,-16.646,146.290,14,BO,0.00,D,U
wsm05224,-16.637,146.304,29,BO,0.00,B,U
wsm05225,-19.198,150.010,77,BO,0.00,B,U
wsm05226,-17.814,149.605,103,BO,0.00,D,U
wsm05243,-12.067,125.017,73,BO,1.80,D,U
wsm05244,-11.933,124.333,61,BO,2.19,C,U
wsm05245,-12.183,124.200,45,BO,2.02,D,U
wsm05246,-11.650,125.217,30,BO,1.54,E,U
wsm05247,-12.683,124.533,94,BO,2.85,E,U
wsm05248,-12.017,124.533,46,BO,3.30,D,U
wsm05249,-13.033,123.867,60,BO,2.72,D,U
wsm05250,-11.950,124.983,61,BO,1.59,B,U
wsm05251,-11.917,125.017,46,BO,1.57,B,U
wsm05252,-11.933,125.017,18,BO,1.62,D,U
wsm05253,-11.933,125.000,61,BO,2.22,B,U
wsm05254,-11.283,126.550,133,BO,3.67,D,U
wsm05255,-12.317,126.917,97,BO,2.06,D,U
wsm05256,-12.267,124.150,23,BO,2.09,D,U
wsm05257,-11.367,125.917,58,BO,1.83,D,U
wsm05258,-11.567,125.133,51,BO,2.54,C,U
wsm05259,-12.233,124.633,85,BO,2.44,D,U
wsm05260,-11.283,125.833,61,BO,1.89,C,U
wsm05261,-12.883,123.817,82,BO,3.48,E,U
wsm05263,-12.767,124.667,0,BO,2.16,B,U
wsm05264,-12.117,125.000,62,BO,1.43,B,U
wsm05265,-12.117,125.050,52,BO,1.42,B,U
wsm05266,-12.133,125.017,47,BO,1.78,D,U
wsm05267,-12.117,125.000,72,BO,1.39,C,U
wsm05268,-12.117,125.000,73,BO,1.36,B,U
wsm05269,-12.117,125.017,65,BO,1.44,D,U
wsm05270,-12.117,125.000,79,BO,1.57,D,U
wsm05271,-12.133,124.933,59,BO,1.69,B,U
wsm05272,-11.367,125.767,45,BO,1.55,D,U
wsm05273,-11.967,124.950,160,BO,2.13,E,U
wsm05274,-12.633,124.783,46,BO,2.68,D,U
wsm05275,-12.383,124.083,70,BO,2.56,B,U
wsm05276,-12.617,124.583,14,BO,2.92,E,U
wsm05277,-21.533,114.200,84,BO,1.18,D,U
wsm05278,-21.567,114.217,85,BO,0.96,D,U
wsm05279,-20.883,114.917,94,BO,2.87,A,U
wsm05280,-20.117,116.433,41,BO,0.69,B,U
wsm05281,-20.150,116.433,25,BO,0.56,D,U
wsm05282,-20.133,116.433,160,BO,0.59,B,U
wsm05283,-20.117,116.433,53,BO,0.81,D,U
wsm05284,-20.133,116.417,55,BO,0.95,D,U
wsm05285,-19.567,116.433,99,BO,2.89,C,U
wsm05286,-19.617,116.417,99,BO,2.94,C,U
wsm05287,-19.583,116.433,94,BO,3.04,A,U
wsm05288,-20.517,115.717,102,BO,1.68,D,U
wsm05289,-22.283,114.067,57,BO,1.40,D,U
wsm05290,-19.167,117.317,2,BO,2.45,D,U
wsm05291,-20.167,116.467,149,BO,0.69,B,U
wsm05292,-20.683,155.600,56,BO,1.84,D,U
wsm05293,-21.117,115.267,46,BO,2.20,D,U
wsm05294,-21.333,155.200,55,BO,1.54,B,U
wsm05295,-21.183,114.700,110,BO,2.73,C,U
wsm05296,-21.550,114.317,100,BO,1.38,B,U
wsm05297,-20.083,116.283,34,BO,2.25,E,U
wsm05298,-20.600,115.633,80,BO,1.70,B,U
wsm05299,-20.500,115.167,105,BO,1.09,C,U
wsm05300,-20.033,116.833,107,BO,0.82,E,U
wsm05301,-21.217,114.633,113,BO,2.05,C,U
wsm05302,-21.233,114.617,33,BO,2.63,C,U
wsm05303,-21.217,114.617,114,BO,2.43,D,U
wsm05304,-21.233,114.617,107,BO,2.94,B,U
wsm05305,-19.600,115.967,39,BO,3.02,C,U
wsm05306,-19.633,115.900,50,BO,2.90,B,U
wsm05307,-19.733,115.867,48,BO,0.70,C,U
wsm05308,-19.683,115.883,108,BO,2.33,E,U
wsm05309,-20.767,115.583,93,BO,1.49,D,U
wsm05310,-20.533,115.783,101,BO,1.96,B,U
wsm05311,-21.383,115.183,139,BO,2.03,D,U
wsm05312,-20.017,116.550,162,BO,0.65,D,U
wsm05313,-21.167,114.683,110,BO,2.56,B,U
wsm05314,-21.300,115.233,105,BO,1.31,D,U
wsm05315,-20.417,115.717,92,BO,1.97,A,U
wsm05316,-20.533,115.633,94,BO,2.23,B,U
wsm05317,-21.217,141.683,110,BO,2.17,D,U
wsm05318,-38.159,140.612,118,BO,1.72,E,U
wsm05319,-37.426,140.675,999,BO,0.00,E,U
wsm05320,-37.414,140.666,131,BO,1.78,D,U
wsm05321,-37.404,140.033,143,BO,2.49,D,U
wsm05322,-37.323,140.155,999,BO,0.46,E,U
wsm05323,-37.468,140.781,119,BO,2.08,C,U
wsm05324,-37.450,140.774,164,BO,1.82,D,U
wsm05325,-37.451,140.789,13,BO,2.11,E,U
wsm05326,-37.454,140.781,119,BO,1.58,C,U
wsm05327,-37.486,140.253,999,BO,1.65,E,U
wsm05328,-37.228,140.161,116,BO,1.38,D,U
wsm05329,-35.730,144.490,116,FMS,10.00,D,SS
wsm05330,-16.180,124.510,63,FMS,5.00,D,SS
wsm05331,-33.432,150.149,66,FMS,5.00,C,SS
wsm05332,-30.770,117.090,116,FMS,5.00,C,TF
wsm05333,-30.794,138.405,100,FMS,20.00,C,SS
wsm05334,-23.590,150.700,40,FMS,6.00,D,TF
wsm05335,-32.950,151.610,44,FMS,11.50,C,TF
wsm05336,-34.810,149.170,94,FMS,5.30,C,TF
wsm05337,-25.250,130.650,64,FMS,31.00,C,TF
wsm05338,-33.330,150.604,173,FMS,2.00,C,SS
wsm05375,-42.380,120.040,4,FMS,10.00,C,TF
wsm05469,-16.660,120.160,91,FMS,26.00,C,SS
wsm05474,-32.440,137.960,69,FMS,5.00,C,SS
wsm05475,-31.060,138.470,41,FMS,10.00,C,SS
wsm05476,-32.300,139.310,59,FMS,15.00,C,SS
wsm05477,-32.389,138.923,999,FMS,16.40,E,U
wsm05478,-19.550,126.560,145,FMS,17.00,C,TF
wsm05479,-25.880,137.460,125,FMS,15.00,C,TF
wsm05480,-32.476,138.878,74,FMS,6.80,D,SS
wsm05481,-31.390,116.350,93,OC,0.01,E,U
wsm05490,-40.450,155.610,155,FMS,20.00,C,TF
wsm05612,-34.780,149.170,82,FMF,3.00,C,TS
wsm05613,-37.042,147.168,146,FMS,15.00,D,TF
wsm05614,-34.740,149.180,142,FMS,0.00,D,SS
wsm05615,-34.780,149.190,164,FMS,1.00,C,TF
wsm05616,-19.582,113.533,100,BO,0.00,C,U
wsm05617,-17.624,124.501,55,BO,0.32,C,U
wsm05670,-9.910,151.770,84,FMS,16.80,C,NF
wsm05959,-19.567,116.500,116,BO,2.93,C,U
wsm05960,-38.695,148.276,151,BOC,2.50,B,U
wsm05961,-38.602,148.298,130,BOC,4.41,C,U
wsm05962,-38.613,147.717,116,BO,3.10,D,U
wsm05963,-38.437,148.437,123,BOC,2.61,D,U
wsm05964,-38.319,148.436,122,BOC,2.54,D,U
wsm05965,-40.040,144.050,159,OC,0.08,D,U
wsm05966,-14.101,121.514,67,BOC,4.71,D,U
wsm05967,-19.572,116.137,126,BOC,2.88,B,U
wsm05968,-19.694,115.848,145,BOC,2.50,B,U
wsm05969,-31.950,141.150,77,OC,0.74,C,TS
wsm05970,-31.970,141.430,89,OC,1.26,C,TS
wsm05971,-31.500,145.820,98,OC,0.44,B,TS
wsm05972,-21.593,148.173,17,HFM,0.17,D,SS
wsm05973,-23.250,148.540,48,HFM,0.13,B,TF
wsm05974,-24.520,150.050,10,HFM,0.20,B,TF
wsm05975,-34.200,150.772,86,OC,0.48,D,SS
wsm05976,-30.700,117.150,101,OC,0.01,E,TF
wsm05977,-30.800,117.030,60,OC,0.01,E,TS
wsm05978,-38.197,147.808,138,BOC,2.80,C,U
wsm05979,-27.550,149.661,136,BOC,2.92,C,U
wsm05980,-25.572,143.058,65,BOC,2.16,C,U
wsm05981,-17.626,124.463,60,BOC,1.10,C,U
wsm05982,-18.277,122.401,55,BOC,1.03,C,U
wsm05983,-20.780,139.480,95,OC,0.86,C,TS
wsm05984,-35.280,149.110,111,FMS,2.00,D,TF
wsm05985,-32.510,122.220,104,FMS,10.00,D,NF
wsm05986,-31.760,139.420,86,FMS,5.00,D,SS
wsm06005,-24.003,132.706,0,BO,0.00,E,U
wsm06006,-24.003,132.683,0,BO,1.17,E,U
wsm06007,-24.012,132.794,5,BO,1.07,C,U
wsm06008,-23.999,132.728,20,BO,1.33,B,U
wsm06009,-24.070,132.854,175,BO,1.64,B,U
wsm06010,-23.898,132.650,175,BO,2.23,B,U
wsm06011,-24.007,132.617,999,BO,0.00,E,U
wsm06012,-24.002,132.650,999,BO,0.00,E,U
wsm06013,-24.000,132.770,999,BO,0.00,E,U
wsm06014,-23.980,131.460,38,BO,1.25,B,U
wsm06015,-23.970,131.470,34,BO,1.25,D,U
wsm06016,-23.940,131.440,70,BO,1.00,D,U
wsm06017,-23.960,131.417,177,BO,1.30,A,U
wsm06018,-24.020,131.591,103,BO,1.25,D,U
wsm06019,-24.020,131.583,102,BO,1.20,C,U
wsm06020,-24.034,131.596,53,BO,1.25,E,U
wsm06021,-24.034,131.608,29,BO,1.25,D,U
wsm06022,-24.020,131.600,88,BO,0.80,D,U
wsm06023,-23.990,131.570,104,BO,1.40,E,U
wsm06024,-23.994,131.580,1,BO,1.13,E,U
wsm06025,-24.004,131.610,18,BO,1.40,B,U
wsm06026,-24.000,131.590,16,BO,1.30,C,U
wsm06027,-24.002,131.600,35,BO,1.25,D,U
wsm06028,-24.000,131.583,59,BO,1.14,B,U
wsm06029,-24.001,131.595,96,BO,0.94,D,U
wsm06030,-24.033,131.633,31,BO,1.30,D,U
wsm06031,-24.017,131.600,19,BO,1.30,E,U
wsm06089,-9.870,155.650,95,FMS,15.00,C,NF
wsm06090,-9.900,155.620,83,FMS,15.00,C,NF
wsm06091,-9.920,155.830,84,FMS,15.40,C,NF
wsm06092,-9.820,155.590,78,FMS,15.00,C,NF
wsm06441,-11.230,118.930,77,FMS,15.00,C,NF
wsm06523,-16.517,123.578,62,FMS,10.00,C,SS
wsm06524,-16.680,124.660,63,FMS,10.00,C,SS
wsm06535,-28.026,140.781,105,BO,1.85,B,U
wsm06536,-27.839,140.577,89,BO,2.82,B,U
wsm06537,-28.111,140.893,88,BO,2.00,D,U
wsm06538,-28.083,140.854,83,BO,1.41,E,U
wsm06539,-27.590,140.117,152,BO,2.10,D,U
wsm06540,-28.361,139.974,130,BO,1.93,D,U
wsm06541,-28.106,140.875,76,BO,1.38,C,U
wsm06542,-27.570,140.136,144,BO,2.39,D,U
wsm06543,-28.115,140.875,100,BO,1.08,B,U
wsm06544,-27.633,140.423,100,BO,2.63,C,U
wsm06545,-28.040,140.128,104,BO,2.53,C,U
wsm06546,-28.018,140.256,98,BO,2.58,B,U
wsm06547,-31.110,116.470,102,FMS,1.00,C,SS
wsm06548,-31.540,117.000,93,FMS,3.00,C,TF
wsm06549,-30.730,117.210,75,FMS,2.00,C,TF
wsm06550,-33.816,138.984,100,FMS,20.40,C,TF
wsm06561,-10.600,126.783,61,BO,2.30,D,U
wsm06562,-11.000,127.150,53,BO,3.50,B,U
wsm06563,-11.193,125.332,39,BO,2.40,B,U
wsm06564,-11.280,125.572,40,BO,1.50,D,U
wsm06565,-12.037,126.651,63,BO,2.40,D,U
wsm06566,-10.918,126.166,48,BO,2.30,E,U
wsm06567,-10.574,129.981,33,BO,2.70,D,U
wsm06568,-27.563,140.651,118,BO,2.08,B,U
wsm06570,-24.528,149.954,36,HFM,0.68,D,TF
wsm06571,-24.470,150.031,9,HFM,0.57,B,TF
wsm06572,-24.310,149.882,76,HFM,0.60,D,TF
wsm06573,-24.644,149.908,7,HFM,0.41,A,SS
wsm06574,-24.684,149.900,40,HFM,0.52,A,TF
wsm06575,-24.585,149.914,12,HFM,0.37,A,TF
wsm06576,-24.621,149.882,34,HFM,0.59,B,TF
wsm06577,-24.673,149.911,30,HFM,0.42,B,TF
wsm06578,-24.014,148.646,37,HFM,0.11,C,TF
wsm06579,-24.033,148.614,176,HFM,0.18,C,TF
wsm06580,-22.995,148.554,49,HFM,0.17,C,TF
wsm06581,-22.946,148.586,178,HFM,0.08,C,TF
wsm06582,-23.012,148.560,21,HFM,0.14,C,TF
wsm06583,-23.078,148.528,48,HFM,0.10,B,TF
wsm06584,-23.058,148.563,8,HFM,0.19,C,TF
wsm06585,-23.051,148.542,172,HFM,0.09,C,TF
wsm06586,-23.043,148.564,12,HFM,0.16,B,TF
wsm06587,-21.540,148.250,149,HFM,0.07,C,TF
wsm06588,-21.264,147.914,5,HFM,0.14,B,TF
wsm06589,-21.866,148.009,16,HFM,0.26,B,TF
wsm06590,-21.510,148.000,12,HFM,0.12,B,TF
wsm06591,-21.833,148.058,27,HFM,0.39,B,TF
wsm06592,-21.592,147.967,15,HFM,0.36,B,TF
wsm06593,-21.602,147.957,12,HFM,0.60,B,TF
wsm06594,-39.633,145.151,0,BO,2.68,B,U
wsm06595,-39.792,145.448,152,BO,2.67,B,U
wsm06596,-39.839,145.806,146,BO,2.26,D,U
wsm06597,-39.921,146.267,56,BO,1.46,D,U
wsm06598,-39.410,145.396,30,BO,2.03,D,U
wsm06599,-39.894,145.978,86,BO,2.95,D,U
wsm06600,-40.138,145.917,163,BO,3.11,D,U
wsm06601,-40.386,145.696,94,BO,1.52,D,U
wsm06602,-40.345,145.864,135,BO,2.76,D,U
wsm06603,-40.361,145.872,41,BO,2.43,B,U
wsm06604,-40.262,145.864,14,BO,2.45,D,U
wsm06605,-40.074,145.978,138,BO,2.15,D,U
wsm06606,-21.592,148.173,0,HFM,0.25,C,SS
wsm06607,-33.361,150.161,142,HFM,0.32,D,TF
wsm06608,-33.363,150.163,80,HFM,0.35,B,TF
wsm06609,-33.391,150.162,133,HFM,0.27,D,TF
wsm06610,-33.396,150.158,150,HFM,0.35,D,TF
wsm06611,-33.392,150.160,129,HFM,0.35,C,TF
wsm06612,-33.386,150.150,80,HFM,0.35,B,TF
wsm06613,-33.382,150.145,100,HFM,0.26,D,TF
wsm06614,-33.394,150.149,113,HFM,0.36,D,TF
wsm06615,-33.392,150.145,86,HFM,0.33,D,TF
wsm06616,-33.384,150.145,81,HFM,0.32,C,TF
wsm06617,-33.385,150.140,92,HFM,0.31,C,TF
wsm06618,-33.366,150.140,171,HFM,0.31,C,TF
wsm06619,-32.355,151.256,52,HFM,0.49,C,TF
wsm06620,-32.900,151.244,78,HFM,0.23,C,TF
wsm06621,-33.241,151.196,79,HFM,0.83,A,TF
wsm06622,-33.082,151.400,43,HFM,0.21,B,TF
wsm06623,-33.082,151.400,164,HFM,0.15,C,TF
wsm06624,-33.082,151.400,17,HFM,0.22,D,TF
wsm06625,-33.377,151.383,70,HFM,0.64,B,TF
wsm06626,-32.438,150.835,61,HFM,0.32,B,TF
wsm06627,-32.441,150.802,60,HFM,0.24,B,TF
wsm06628,-32.188,150.849,103,HFM,0.22,D,TF
wsm06629,-33.436,150.239,63,OC,0.20,D,SS
wsm06630,-34.473,150.701,107,OC,0.40,D,TF
wsm06631,-34.255,150.913,0,OC,0.35,D,TF
wsm06632,-34.168,150.951,48,OC,0.50,D,SS
wsm06633,-34.200,150.880,60,OC,0.50,D,TF
wsm06634,-34.236,150.706,5,OC,0.50,D,TF
wsm06635,-34.200,150.554,38,OC,0.43,D,TF
wsm06636,-34.182,150.755,75,OC,0.45,D,TF
wsm06637,-34.018,150.457,74,OC,0.47,D,TF
wsm06638,-33.982,150.473,104,OC,0.30,D,TF
wsm06639,-33.959,151.250,29,OC,0.13,D,TF
wsm06640,-33.182,151.228,66,OC,0.25,D,TF
wsm06641,-32.900,151.600,0,OC,0.10,D,TF
wsm06642,-32.909,151.500,16,OC,0.19,D,TF
wsm06643,-32.900,151.211,59,OC,0.55,D,TF
wsm06644,-32.500,150.952,86,OC,0.08,D,TF
wsm06645,-32.109,150.745,84,OC,0.19,D,SS
wsm06646,-23.707,148.864,20,OC,0.40,D,TF
wsm06647,-23.240,148.082,178,OC,0.23,D,TF
wsm06648,-21.764,148.038,5,OC,0.17,D,SS
wsm06649,-23.080,148.410,7,OC,0.09,D,SS
wsm06650,-21.240,147.947,4,OC,0.11,D,TF
wsm06651,-23.800,148.894,0,OC,0.23,D,TF
wsm06652,-24.760,150.045,23,HFM,0.42,B,TF
wsm06653,-24.760,150.045,4,HFM,0.39,B,TF
wsm06654,-33.819,151.251,178,HFM,0.08,D,TF
wsm06655,-33.830,151.226,140,HFM,0.09,C,TF
wsm06656,-33.880,151.196,179,HFM,0.01,E,TF
wsm06657,-33.882,151.197,11,HFM,0.01,D,TF
wsm06658,-33.872,151.200,8,HFM,0.01,D,TF
wsm06659,-33.892,151.249,37,HFM,0.04,D,TF
wsm06660,-33.972,151.229,37,HFM,0.50,A,TF
wsm06661,-33.897,151.193,41,HFM,0.63,B,TF
wsm06662,-33.972,151.247,25,HFM,0.12,B,TF
wsm06663,-33.825,151.264,36,HFM,0.11,D,TF
wsm06664,-33.892,151.261,48,HFM,0.09,C,TF
wsm06665,-33.959,151.250,23,HFM,0.11,C,TF
wsm06666,-32.661,151.147,145,HFM,0.07,C,TF
wsm06667,-32.591,151.044,146,HFM,0.10,B,TF
wsm06668,-10.804,127.298,46,BO,2.50,A,U
wsm06669,-10.641,126.872,36,BO,2.40,C,U
wsm06670,-11.057,126.792,61,BO,3.20,D,U
wsm06671,-11.011,126.698,51,BO,3.20,D,U
wsm06672,-11.059,126.739,38,BO,3.10,D,U
wsm06673,-11.040,126.694,56,BO,3.10,C,U
wsm06674,-11.095,126.675,49,BO,3.10,D,U
wsm06675,-11.046,126.549,45,BO,3.20,C,U
wsm06676,-11.068,126.646,42,BO,3.10,C,U
wsm06677,-11.076,126.572,50,BO,3.10,B,U
wsm06678,-11.043,126.604,62,BO,3.10,C,U
wsm06679,-10.883,126.619,57,BO,2.50,A,U
wsm06680,-10.880,126.586,63,BO,2.10,B,U
wsm06681,-10.884,126.600,62,BO,2.50,A,U
wsm06682,-10.883,126.536,43,BO,3.10,D,U
wsm06683,-10.926,126.509,66,BO,2.80,A,U
wsm06684,-10.852,126.470,30,BO,3.10,D,U
wsm06685,-10.628,126.028,1,BO,3.10,B,U
wsm06686,-10.569,126.111,14,BO,3.30,D,U
wsm06687,-10.779,126.372,48,BO,2.90,A,U
wsm06688,-34.191,150.770,18,BO,0.40,C,U
wsm06690,-27.000,152.500,45,FMA,10.00,D,TF
wsm06691,-11.011,126.698,41,DIF,3.20,D,U
wsm06692,-11.059,126.739,48,DIF,3.00,B,U
wsm06693,-11.040,126.694,45,DIF,2.90,A,U
wsm06694,-11.046,126.549,39,DIF,3.00,A,U
wsm06695,-11.076,126.572,39,DIF,3.00,B,U
wsm06696,-11.043,126.604,44,DIF,3.00,B,U
wsm06697,-10.883,126.619,52,DIF,2.60,B,U
wsm06698,-10.884,126.600,42,DIF,2.80,A,U
wsm06699,-10.883,126.536,45,DIF,3.00,C,U
wsm06700,-10.926,126.509,45,DIF,3.10,A,U
wsm06701,-10.779,126.372,22,DIF,3.20,C,U
wsm06702,-10.628,126.028,26,DIF,3.10,D,U
wsm06703,-10.569,126.111,30,DIF,3.20,B,U
wsm06704,-10.448,126.194,22,DIF,3.40,C,U
wsm06705,-11.057,126.792,51,DIF,3.10,D,U
wsm06706,-11.068,126.646,40,DIF,3.00,A,U
wsm06707,-10.852,126.470,35,DIF,3.00,B,U
wsm06708,-10.844,126.468,46,DIF,2.90,B,U
wsm06709,-11.471,128.164,40,BO,3.10,A,U
wsm06710,-12.126,125.628,53,BO,2.60,E,U
wsm06711,-14.530,129.061,61,BO,1.60,A,U
wsm06712,-14.532,129.052,53,BO,2.10,A,U
wsm06713,-14.573,129.421,50,BO,1.10,D,U
wsm06714,-14.778,129.111,61,BO,2.70,A,U
wsm06715,-10.104,126.993,47,BO,2.50,D,U
wsm06716,-14.290,128.433,53,BO,1.30,B,U
wsm06717,-29.096,114.298,135,BO,2.98,C,U
wsm06718,-31.867,115.462,122,BO,1.46,C,U
wsm06719,-30.130,114.636,118,BO,1.22,C,U
wsm06720,-32.915,115.052,62,BO,3.43,C,U
wsm06721,-32.920,115.660,74,BO,3.51,B,U
wsm06722,-28.899,114.260,88,BO,2.34,D,U
wsm06723,-30.168,115.736,99,BO,1.18,B,U
wsm06724,-29.835,115.414,110,BO,1.83,C,U
wsm06725,-29.266,115.022,93,BO,1.21,A,U
wsm06726,-29.145,115.074,95,BO,1.35,C,U
wsm06727,-29.301,115.171,127,BO,3.45,C,U
wsm06728,-30.666,115.492,110,BO,2.41,B,U
wsm06729,-30.701,115.472,113,BO,3.51,B,U
wsm06730,-29.883,115.151,171,BO,1.76,D,U
wsm06731,-29.237,115.016,142,BO,1.17,D,U
wsm06732,-30.248,115.415,96,BO,2.88,B,U
wsm06733,-29.714,115.185,15,BO,2.81,B,U
wsm06734,-37.313,139.617,114,BO,2.04,D,U
wsm06735,-38.349,140.873,121,BO,1.92,E,U
wsm06736,-37.409,140.872,130,BO,2.39,D,U
wsm06737,-37.563,140.234,147,BO,2.26,C,U
wsm06738,-37.432,140.762,143,BO,2.14,D,U
wsm06739,-37.450,140.615,147,BO,1.31,D,U
wsm06740,-37.442,140.830,140,BO,2.47,C,U
wsm06741,-28.038,140.001,99,DIF,1.32,D,U
wsm06742,-27.563,140.651,102,DIF,2.08,C,U
wsm06743,-28.026,140.781,102,DIF,1.85,B,U
wsm06744,-28.018,140.256,104,DIF,2.75,B,U
wsm06745,-27.839,140.577,97,DIF,2.82,B,SS
wsm06746,-28.035,139.992,104,BO,1.89,B,U
wsm06888,-9.790,112.960,165,FMS,29.90,C,NF
wsm06901,-9.250,150.390,101,FMS,15.00,C,NF
wsm07540,-11.060,117.890,35,FMS,35.00,C,NF
wsm07620,-44.530,118.130,151,FMS,15.00,C,NF
wsm07730,-9.200,124.980,16,FMS,25.20,C,NF
wsm07837,-35.419,134.824,126,BO,2.51,E,U
wsm07838,-35.604,135.817,130,BO,2.56,D,U
wsm07839,-35.591,135.350,99,BO,2.59,C,U
wsm07840,-33.494,133.885,145,BO,1.85,B,U
wsm07841,-35.845,135.687,147,BO,2.59,C,U
wsm07842,-35.479,134.930,133,BO,4.28,C,U
wsm07843,-15.083,133.996,17,HFM,0.30,B,SS
wsm07844,-15.028,133.753,30,HFM,0.37,A,SS
wsm07929,-14.071,121.815,170,BO,4.10,D,U
wsm07930,-13.758,123.717,11,BO,3.99,B,U
wsm07931,-13.914,123.259,69,BO,4.57,D,U
wsm07932,-15.344,120.637,105,BO,4.78,A,U
wsm07933,-15.314,121.491,146,BO,2.61,B,U
wsm07934,-13.393,122.184,168,BO,3.68,E,U
wsm07935,-13.948,121.976,88,BO,0.00,B,U
wsm07936,-14.075,122.468,50,BO,0.00,C,U
wsm07937,-14.559,123.276,70,BO,0.00,B,U
wsm07952,-28.315,139.920,999,BO,0.00,E,U
wsm07953,-28.125,139.606,999,BO,0.00,E,U
wsm07954,-28.538,140.314,999,BO,0.00,E,U
wsm07955,-28.519,140.380,999,BO,0.00,E,U
wsm07956,-28.009,140.004,999,BO,0.00,E,U
wsm07957,-27.951,140.045,999,BO,0.00,E,U
wsm07958,-28.513,140.376,999,BO,0.00,E,U
wsm07959,-27.543,140.578,121,DIF,2.57,C,U
wsm07960,-28.285,140.040,106,DIF,2.52,D,U
wsm07961,-27.852,140.126,117,BO,2.76,A,U
wsm07962,-28.490,140.715,94,DIF,1.58,D,U
wsm07963,-28.074,140.323,93,BO,2.68,B,U
wsm07964,-27.736,140.178,95,DIF,2.20,D,U
wsm07965,-27.728,140.185,103,DIF,2.23,D,U
wsm07966,-28.129,139.619,129,DIF,2.06,D,U
wsm07967,-28.453,139.966,150,BO,2.23,D,U
wsm07968,-28.185,140.792,105,BO,2.68,A,U
wsm07969,-28.503,140.312,84,DIF,1.23,D,U
wsm07970,-28.503,140.312,93,BO,1.28,D,U
wsm07971,-27.653,139.936,122,DIF,2.91,D,U
wsm07972,-28.290,139.922,102,DIF,2.02,D,U
wsm07973,-28.088,140.858,93,DIF,2.39,A,SS
wsm07974,-28.088,140.858,98,BO,2.43,A,SS
wsm07975,-28.110,140.890,97,BO,1.53,D,U
wsm07976,-28.110,140.890,96,DIF,1.49,A,U
wsm07977,-28.129,139.958,102,DIF,2.59,D,U
wsm07978,-28.129,139.958,101,BO,2.55,D,U
wsm07979,-28.157,139.976,123,DIF,2.28,D,U
wsm07980,-27.584,140.008,134,DIF,2.83,C,U
wsm07981,-27.584,140.008,130,BO,2.84,A,U
wsm07982,-28.224,140.341,111,BO,2.81,A,U
wsm07983,-28.536,140.369,104,BO,1.24,D,U
wsm07984,-12.533,124.450,48,BO,2.12,D,U
wsm07985,-12.500,124.417,999,BO,0.00,E,U
wsm07986,-12.483,124.433,999,BO,0.00,E,U
wsm07987,-12.467,124.433,48,BO,2.36,D,U
wsm07988,-12.483,124.433,66,BO,2.35,D,U
wsm07989,-12.500,124.400,44,BO,2.27,E,U
wsm07990,-12.483,124.383,60,BO,2.92,B,U
wsm07991,-31.720,116.990,90,FMS,6.00,C,TF
wsm07992,-30.330,150.840,78,FMS,12.00,C,SS
wsm07993,-32.920,151.290,50,FMS,2.00,C,TF
wsm07994,-36.460,148.950,16,OC,0.01,E,TF
wsm07995,-35.760,145.630,76,OC,0.01,E,TF
wsm07996,-34.670,148.870,999,FMS,12.00,E,U
wsm08071,-38.402,146.245,142,FMS,15.10,D,TF
wsm08072,-34.253,150.748,999,FMS,5.30,E,U
wsm08073,-36.441,148.005,999,FMS,20.30,E,U
wsm08074,-36.781,146.094,174,FMS,8.60,C,TF
wsm08075,-37.863,146.422,141,FMS,11.40,C,TF
wsm08079,-28.048,140.764,106,BO,2.18,D,U
wsm08080,-28.059,140.735,83,BO,1.85,B,U
wsm08081,-28.053,140.858,114,BO,1.65,D,U
wsm08082,-28.055,140.886,121,BO,1.62,D,U
wsm08083,-28.074,140.323,97,DIF,2.69,B,U
wsm08084,-28.027,140.778,92,BO,1.65,B,U
wsm08085,-18.711,125.965,64,HF,0.18,B,U
wsm08086,-23.295,119.774,67,HFM,0.23,B,TF
wsm08167,-36.107,141.539,98,FMS,6.00,C,SS
wsm08509,-43.170,124.310,131,FMS,15.00,C,SS
wsm08510,-42.690,124.670,124,FMS,16.00,C,SS
wsm08608,-11.530,115.180,101,FMS,15.00,C,NF
wsm08831,-10.620,114.470,24,FMS,16.60,C,NF
wsm08937,-9.390,155.100,58,FMS,27.30,C,SS
wsm08941,-42.350,120.330,30,FMS,15.00,C,TF
wsm08950,-9.290,154.710,51,FMS,15.00,C,SS
wsm09143,-10.200,119.380,2,FMS,27.00,C,TF
wsm09212,-10.560,124.840,156,FMS,33.00,C,SS
wsm09285,-9.290,153.820,24,FMS,15.00,C,TF
wsm09287,-9.310,154.000,69,FMS,15.00,C,TF
wsm09373,-9.650,155.770,80,FMS,15.00,C,NF
wsm09489,-9.950,151.530,101,FMS,15.00,C,NF
wsm09678,-9.620,155.400,104,FMS,33.00,C,NS
wsm09871,-11.460,117.390,102,FMS,33.00,C,NF
wsm09941,-9.550,148.250,52,FMS,15.00,C,NF
wsm10235,-27.269,142.131,89,BO,1.37,A,U
wsm10236,-27.294,142.121,86,BO,2.20,C,U
wsm10237,-27.814,141.888,60,BO,2.24,C,U
wsm10238,-27.595,142.007,123,BO,1.83,E,U
wsm10239,-27.512,141.990,157,BO,1.78,C,U
wsm10240,-28.342,141.041,90,BO,2.18,C,U
wsm10241,-27.367,142.143,89,BO,1.62,A,U
wsm10242,-27.383,142.180,81,BO,2.28,C,U
wsm10243,-26.764,142.102,82,BO,2.45,B,U
wsm10244,-27.434,141.897,100,BO,2.23,C,U
wsm10245,-27.152,141.821,95,BO,2.71,A,U
wsm10246,-27.650,141.852,101,BO,2.50,A,U
wsm10247,-26.851,142.104,80,BO,2.49,B,U
wsm10248,-27.427,141.649,106,BO,2.30,B,U
wsm10249,-27.409,141.610,113,BO,2.26,A,U
wsm10250,-27.395,141.588,108,BO,1.93,B,U
wsm10251,-27.745,141.844,75,BO,2.26,B,U
wsm10446,-12.105,125.041,117,BO,0.00,D,U
wsm10447,-12.129,124.995,44,BO,0.00,C,U
wsm10448,-12.122,125.018,47,BO,0.00,C,U
wsm10449,-12.146,124.968,51,BO,0.00,C,U
wsm10450,-11.940,124.990,5,BO,0.00,C,U
wsm10780,-9.910,125.220,132,FMS,37.50,C,TF
wsm10951,-9.200,118.490,130,FMS,19.80,C,SS
wsm11009,-11.370,117.380,83,FMS,24.00,C,NF
wsm11091,-11.630,117.120,156,FMS,35.30,C,NF
wsm11553,-31.370,138.640,999,FMS,3.00,E,U
wsm11565,-37.465,140.791,146,DIF,2.24,D,U
wsm11566,-37.465,140.791,151,BO,2.33,D,U
wsm11567,-37.466,140.780,114,BO,2.31,A,U
wsm11568,-37.455,140.776,126,BO,3.07,D,U
wsm11569,-37.409,140.872,127,DIF,2.76,D,U
wsm11570,-37.350,140.753,131,BO,1.68,A,U
wsm11571,-37.442,140.830,131,DIF,2.95,B,U
wsm11572,-38.718,142.956,144,BO,1.69,D,U
wsm11573,-38.718,142.956,142,DIF,1.65,C,U
wsm11574,-38.703,142.953,142,BO,1.52,D,U
wsm11575,-38.703,142.953,134,DIF,1.60,B,U
wsm11576,-37.212,140.667,114,BO,0.66,C,U
wsm11591,-38.198,148.562,131,DIF,2.68,D,U
wsm11592,-38.189,148.370,145,DIF,2.65,D,U
wsm11593,-38.198,148.562,132,BO,2.74,C,U
wsm11594,-38.209,148.382,125,BO,2.16,D,U
wsm11595,-38.193,148.387,133,BO,2.29,D,U
wsm11596,-38.194,148.373,148,BO,2.67,D,U
wsm11597,-38.192,148.383,126,BO,2.21,C,U
wsm11598,-38.189,148.370,153,BO,2.38,D,U
wsm11650,-23.867,148.833,15,OC,0.12,D,NF
wsm11651,-24.760,150.045,999,HFM,0.04,E,TF
wsm11667,-12.243,124.550,122,BO,2.35,D,U
wsm11668,-12.195,124.496,79,BO,3.63,E,U
wsm12592,-21.592,148.173,176,HFM,0.19,B,SS
wsm12593,-21.592,148.173,165,HFM,0.18,D,SS
wsm12594,-21.592,148.173,157,HFM,0.29,B,TF
wsm12748,-9.940,118.880,138,FMS,20.80,C,TF
wsm12813,-10.860,112.590,113,FMS,18.30,C,NF
wsm13348,-9.940,114.390,9,FMS,39.90,C,SS
wsm13564,-10.690,110.990,3,FMS,15.00,C,TF
wsm13770,-22.510,130.170,62,FMS,12.00,C,TF
wsm14219,-9.794,151.575,43,BO,0.70,D,U
wsm14253,-33.420,127.602,73,BO,0.76,D,U
wsm14254,-33.326,128.481,73,BO,0.80,E,U
wsm14317,-9.507,151.573,123,BO,1.60,D,U
wsm14345,-33.474,128.481,153,BO,1.32,D,U
wsm14361,-34.391,127.591,160,BO,4.10,D,U
wsm14374,-33.529,127.264,168,BO,0.97,D,U
wsm14381,-9.507,151.573,172,DIF,1.10,D,U
wsm14400,-33.316,127.602,999,BO,0.39,E,U
wsm14401,-20.978,152.916,999,BO,0.43,E,U
wsm14402,-16.647,146.290,999,BO,0.46,E,U
wsm14403,-16.637,146.304,999,BO,0.50,E,U
wsm14404,-33.296,128.481,999,BO,0.59,E,U
wsm14406,-21.006,152.866,999,BO,0.61,E,U
wsm14407,-20.243,151.983,999,BO,0.64,E,U
wsm14412,-16.423,146.215,999,BO,1.10,E,U
wsm14547,-19.297,135.099,999,BO,5.95,E,U
wsm14949,-9.660,151.130,82,FMS,12.00,C,NF
wsm14979,-11.440,119.450,83,FMS,12.00,C,NF
wsm15089,-9.790,154.670,89,FMS,12.70,C,NF
wsm15139,-9.820,154.800,91,FMS,12.00,C,NF
wsm15140,-11.530,116.160,91,FMS,12.00,C,NF
wsm15164,-11.360,116.920,92,FMS,24.20,C,NF
wsm15195,-10.190,113.610,94,FMS,29.10,C,SS
wsm15203,-11.580,115.840,94,FMS,14.20,C,NF
wsm15448,-38.390,112.070,106,FMS,12.40,C,TF
wsm15489,-9.850,154.860,108,FMS,17.40,C,NF
wsm15872,-9.110,118.630,128,FMS,24.40,C,SS
wsm16208,-9.990,118.330,152,FMS,18.60,C,NF
wsm16251,-9.460,118.840,154,FMS,22.40,C,SS
wsm16678,-9.840,111.870,179,FMS,19.80,C,NF
wsm16771,-9.820,111.970,4,FMS,15.60,C,NF
wsm16839,-9.490,110.570,9,FMS,34.60,C,TF
wsm16895,-10.640,116.980,13,FMS,32.40,C,TF
wsm17641,-9.630,126.570,47,FMS,29.70,C,NF
wsm17905,-11.380,119.020,59,FMS,12.00,C,NF
wsm17907,-9.990,154.220,59,FMS,12.00,C,NF
wsm17943,-10.090,150.760,60,FMS,12.00,C,NF
wsm18209,-9.870,155.190,72,FMS,12.00,C,NF
wsm18220,-9.340,150.740,72,FMS,12.00,C,NF
wsm18325,-11.360,118.410,77,FMS,34.20,C,NF
wsm18686,-9.490,124.670,167,FMS,18.50,C,SS
wsm18846,-31.500,138.350,130,FMA,3.00,D,TF
wsm19403,-10.804,127.298,50,DIF,2.90,B,U
wsm19404,-11.095,126.675,36,DIF,3.00,B,U
wsm19405,-10.880,126.586,52,DIF,1.90,B,U
wsm19406,-10.574,129.981,34,DIF,2.80,C,U
wsm19438,-19.810,133.980,17,FMA,6.50,D,TF
wsm19439,-34.660,148.880,154,FMA,12.50,D,SS
wsm19440,-37.466,140.780,119,DIF,2.40,D,U
wsm19441,-27.543,140.578,116,BO,2.44,D,U
wsm19442,-28.301,140.546,114,DIF,1.53,D,U
wsm19443,-28.301,140.546,108,BO,1.46,C,U
wsm19444,-27.736,140.178,114,BO,1.81,C,U
wsm19445,-27.728,140.185,108,BO,2.03,D,U
wsm19446,-28.204,140.688,108,BO,2.01,D,U
wsm19447,-27.653,139.936,126,BO,2.82,C,U
wsm19448,-28.157,139.976,113,BO,2.40,D,U
wsm19449,-28.527,140.043,114,DIF,2.01,D,U
wsm19450,-28.527,140.043,106,BO,1.94,D,U
wsm19451,-28.317,140.043,61,DIF,2.42,D,U
wsm19452,-28.218,139.924,120,DIF,2.00,D,U
wsm19453,-28.218,139.924,121,BO,2.06,D,U
wsm19454,-28.224,140.341,108,DIF,2.94,D,U
wsm19455,-28.252,139.878,93,DIF,2.12,D,U
wsm19456,-28.252,139.878,91,BO,2.09,D,U
wsm19457,-28.301,139.917,108,DIF,1.99,D,U
wsm19655,-29.258,114.457,104,DIF,1.42,D,U
wsm19656,-29.258,114.457,96,BO,1.34,C,U
wsm19657,-29.393,115.029,88,DIF,2.52,A,U
wsm19658,-29.458,115.162,76,DIF,3.20,B,U
wsm19659,-29.436,114.889,104,DIF,1.19,A,U
wsm19660,-29.505,115.151,80,DIF,3.21,C,U
wsm19661,-29.435,115.144,87,DIF,3.14,C,U
wsm19662,-29.316,115.071,80,DIF,2.78,D,U
wsm19663,-29.370,114.886,90,DIF,1.30,C,U
wsm19664,-29.393,115.029,94,BO,1.81,B,U
wsm19665,-29.458,115.162,75,BO,3.18,A,U
wsm19666,-29.436,114.889,110,BO,4.59,D,U
wsm19667,-29.505,115.151,80,BO,3.08,B,U
wsm19668,-29.435,115.144,78,BO,2.95,C,U
wsm19669,-29.316,115.071,90,BO,2.82,C,U
wsm19670,-29.370,114.886,87,BO,1.28,D,U
wsm19800,-38.159,140.612,141,BOC,2.27,A,U
wsm25151,-10.650,113.290,71,FMS,32.60,C,NF
wsm25153,-10.610,113.340,92,FMS,15.00,C,NF
wsm25600,-9.980,150.890,139,FMS,39.00,C,NF
wsm25601,-9.950,150.910,139,FMS,35.90,C,NF
wsm26433,-11.380,117.550,69,FMS,12.30,C,NF
wsm26554,-9.330,124.850,169,FMS,33.20,C,SS
wsm26650,-9.270,124.160,30,FMS,10.00,C,NF
wsm27029,-9.960,118.750,177,FMS,18.30,C,TF
wsm27130,-9.220,154.080,41,FMS,10.00,C,SS
wsm27139,-10.200,110.630,106,FMS,23.00,C,NF
wsm27338,-9.900,118.790,167,FMS,35.00,C,TF
wsm27453,-10.570,118.850,48,FMS,35.00,C,NF
wsm27456,-10.410,118.900,41,FMS,22.00,C,NF
wsm27461,-10.440,118.850,35,FMS,35.00,C,NF
wsm27935,-9.570,149.890,81,FMS,18.20,C,NS
wsm28019,-10.410,123.500,6,FMS,11.30,C,TF
wsm28247,-12.550,114.520,75,FMS,10.00,C,NF
wsm28456,-10.930,113.790,81,FMS,15.40,C,NF
wsm29291,-42.460,120.160,95,FMS,10.00,C,TF
wsm29323,-20.080,147.760,46,FMS,7.00,C,SS
wsm29326,-19.825,113.546,120,FMS,10.00,C,SS
wsm29452,-9.200,112.580,102,FMS,28.00,C,NF
wsm30017,-9.430,114.530,39,FMS,35.00,C,TF
wsm30039,-9.430,124.790,39,FMS,32.30,C,NF
wsm30073,-40.651,126.444,123,FMS,10.00,C,TF
wsm30161,-10.940,113.610,104,FMS,15.00,C,NF
wsm30232,-21.580,114.650,90,FMS,10.00,C,SS
wsm30659,-26.200,132.070,54,FMS,10.00,C,TF
wsm31324,-10.860,113.730,105,FMS,20.00,C,NF
wsm31327,-10.740,113.920,108,FMS,19.10,C,NF
wsm31335,-10.820,113.970,104,FMS,35.00,C,NS
wsm31336,-10.980,113.860,94,FMS,15.00,C,NF
wsm31341,-10.650,113.910,101,FMS,14.10,C,NF
wsm31342,-10.770,113.820,104,FMS,10.00,C,NF
wsm31358,-10.730,113.830,125,FMS,4.80,C,NF
wsm31368,-10.730,113.970,107,FMS,13.60,C,NF
wsm31385,-10.770,113.750,112,FMS,10.00,C,NF
wsm31397,-10.830,113.890,100,FMS,10.00,C,NF
wsm31398,-10.990,113.840,106,FMS,13.00,C,NF
wsm31402,-10.720,113.860,101,FMS,18.30,C,NF
wsm31406,-10.780,113.820,118,FMS,16.10,C,NF
wsm31470,-10.780,113.880,73,FMS,10.00,C,NF
wsm31631,-42.490,124.600,132,FMS,20.00,C,TS
wsm31704,-11.530,117.920,87,FMS,20.00,C,NF
wsm31706,-11.630,119.650,79,FMS,10.00,C,NF
wsm31792,-9.800,154.800,118,FMS,6.60,C,SS
wsm31796,-9.840,154.740,110,FMS,10.00,C,SS
wsm31829,-9.320,110.230,7,FMS,15.50,C,TF
wsm32269,-11.520,117.180,86,FMS,10.00,C,NF
wsm32573,-26.010,132.000,41,FMS,11.00,C,TF
wsm32830,-10.660,114.230,86,FMS,10.00,C,SS
wsm32998,-11.390,121.790,76,FMS,8.40,C,NF
wsm33005,-10.170,151.850,80,FMS,34.60,C,SS
wsm33006,-10.080,151.800,80,FMS,35.30,C,SS
wsm33106,-9.030,119.750,177,FMS,18.00,C,SS
wsm33177,-10.060,123.760,2,FMS,29.10,C,NF
wsm33622,-11.470,119.040,75,FMS,26.00,C,NF
wsm33841,-9.850,154.990,79,FMS,22.90,C,NF
wsm33983,-9.260,110.270,3,FMS,18.10,C,TF
wsm34893,-10.320,112.790,79,FMS,29.90,C,NF
wsm34894,-10.240,112.800,92,FMS,36.10,C,NF
wsm35016,-9.720,155.100,50,FMS,10.00,C,NF
wsm35018,-9.600,155.140,54,FMS,11.00,C,NF
wsm35033,-10.480,123.840,2,FMS,24.50,C,TF
wsm35559,-10.063,132.545,22,BOC,2.70,A,U
wsm35567,-34.750,149.190,140,FMS,4.00,D,TF
wsm35568,-30.080,143.520,65,FMS,2.00,C,NS
wsm35569,-20.070,112.900,104,FMS,15.00,C,SS
wsm35571,-30.230,117.780,79,FMS,2.10,C,TF
wsm35572,-30.210,117.770,81,FMS,0.00,C,TF
wsm35573,-38.420,145.870,137,FMS,16.00,C,TF
wsm35574,-38.400,145.860,136,FMS,6.00,C,TF
wsm35575,-20.903,135.419,115,FMS,0.00,C,TF
wsm35576,-20.085,147.764,46,FMS,25.60,C,SS
wsm35577,-30.759,150.413,76,FMS,9.00,C,TF
wsm35578,-38.244,146.194,148,FMS,9.90,C,TF
wsm37901,-25.220,151.370,37,FMS,15.00,C,SS
wsm38655,-25.320,154.190,49,FMS,10.00,C,TF
wsm38656,-25.250,154.260,39,FMS,10.00,C,TF
wsm38657,-25.330,154.240,44,FMS,10.00,C,TF
wsm38792,-32.300,138.500,114,FMF,11.00,B,TF
wsm40454,-26.321,149.263,143,DIF,0.51,D,U
wsm40455,-32.092,151.967,48,BO,0.46,D,U
wsm40456,-32.109,151.965,79,BO,0.48,D,U
wsm40457,-32.092,151.975,57,BO,0.44,D,U
wsm40458,-30.470,136.797,98,HF,1.31,B,TS
wsm40459,-21.410,114.070,128,BO,1.30,D,U
wsm40460,-19.260,113.131,104,BO,2.22,D,U
wsm40461,-19.400,114.312,102,BO,4.21,D,U
wsm40462,-32.992,115.774,106,BO,1.21,C,SS
wsm40463,-21.557,114.156,146,BO,1.12,D,U
wsm40464,-21.532,114.228,124,BO,1.10,C,U
wsm40465,-21.532,114.228,95,DIF,1.07,D,U
wsm40466,-21.568,114.173,120,BO,1.03,B,U
wsm40467,-21.568,114.173,108,DIF,1.41,D,U
wsm40468,-38.100,148.315,96,DIF,1.75,C,U
wsm40469,-38.100,148.315,94,BO,1.49,D,U
wsm40470,-29.185,115.262,53,BO,3.23,C,U
wsm40471,-29.064,153.232,66,BO,0.61,B,U
wsm40472,-37.462,140.876,143,BO,2.90,B,U
wsm40473,-37.462,140.876,137,DIF,2.79,D,U
wsm40474,-29.210,153.132,34,BO,0.57,B,U
wsm40475,-37.212,140.668,110,BO,0.74,C,U
wsm40476,-37.212,140.668,104,DIF,0.91,C,U
wsm40477,-29.173,153.179,47,BO,0.54,B,U
wsm40478,-37.202,140.447,999,BO,0.00,E,U
wsm40479,-39.662,145.734,999,BO,0.00,E,U
wsm40480,-29.216,115.096,44,DIF,2.21,D,U
wsm40481,-21.333,114.067,122,BO,1.20,D,U
wsm40482,-21.333,114.067,133,BO,1.35,D,U
wsm40483,-21.333,114.067,129,DIF,1.36,D,U
wsm40484,-13.825,123.189,92,BO,4.41,B,U
wsm40485,-13.825,123.189,98,DIF,4.39,D,U
wsm40486,-30.636,149.649,43,DIF,0.74,D,U
wsm40487,-30.636,149.649,52,BO,0.75,D,U
wsm40488,-31.182,149.893,68,BO,0.95,D,U
wsm40489,-14.605,121.640,103,BO,3.86,B,U
wsm40490,-14.605,121.640,105,DIF,3.79,D,U
wsm40491,-24.193,148.511,999,BO,0.00,E,U
wsm40492,-24.737,150.002,999,BO,0.00,E,U
wsm40493,-24.746,150.006,42,BO,0.58,D,U
wsm40494,-24.698,150.023,84,BO,0.40,D,U
wsm40495,-28.699,153.004,50,BO,0.62,B,U
wsm40496,-23.024,148.615,999,BO,0.00,E,U
wsm40497,-28.892,153.062,80,BO,0.38,C,U
wsm40498,-39.241,142.912,140,BO,2.32,D,U
wsm40499,-26.044,149.823,70,BO,0.34,C,U
wsm40500,-29.353,153.083,58,BO,0.60,D,U
wsm40501,-29.353,153.083,46,DIF,0.33,D,U
wsm40502,-26.262,149.917,56,BO,0.21,D,U
wsm40503,-37.447,140.705,135,BO,1.87,A,U
wsm40504,-37.447,140.705,136,DIF,1.92,A,U
wsm40505,-26.429,150.072,39,BO,0.27,D,U
wsm40506,-27.272,151.040,63,BO,0.19,D,U
wsm40507,-39.289,142.849,138,BO,2.29,D,U
wsm40508,-34.136,150.683,132,BO,0.66,D,U
wsm40509,-21.477,113.992,111,BO,1.80,A,U
wsm40510,-21.477,113.992,100,DIF,1.95,D,U
wsm40511,-38.105,149.008,87,BO,0.81,C,U
wsm40512,-27.151,150.801,999,BO,0.00,E,U
wsm40513,-38.255,147.807,126,DIF,1.48,D,U
wsm40514,-38.255,147.807,142,BO,1.63,D,U
wsm40515,-28.030,140.914,90,BO,2.48,A,U
wsm40516,-28.030,140.914,94,DIF,2.59,D,U
wsm40517,-29.318,115.041,55,BO,1.18,C,U
wsm40518,-29.318,115.041,63,DIF,1.38,D,U
wsm40519,-32.876,151.083,75,BO,0.40,D,U
wsm40520,-21.360,115.286,120,BO,0.61,D,U
wsm40521,-21.364,113.827,120,DIF,2.85,D,SS
wsm40522,-27.816,140.754,86,BO,3.90,A,U
wsm40523,-27.816,140.754,80,DIF,3.41,B,U
wsm40524,-21.480,113.872,126,BO,1.84,B,SS
wsm40525,-21.480,113.872,120,DIF,1.84,D,SS
wsm40526,-21.480,113.872,127,BO,1.87,C,SS
wsm40527,-21.480,113.872,128,DIF,1.87,D,SS
wsm40528,-25.769,149.027,60,DIF,1.40,D,U
wsm40529,-27.527,140.685,103,BO,1.81,B,U
wsm40530,-29.339,114.990,86,BO,2.42,A,U
wsm40531,-29.339,114.990,84,DIF,1.98,B,U
wsm40532,-29.339,114.990,88,DIF,2.30,B,U
wsm40533,-29.339,114.990,95,BO,2.17,C,U
wsm40534,-29.329,115.044,94,BO,1.65,A,U
wsm40535,-29.329,115.044,95,DIF,1.41,B,U
wsm40536,-13.863,123.232,70,BO,4.45,A,U
wsm40537,-13.863,123.232,66,DIF,4.45,A,U
wsm40538,-29.311,115.026,999,BO,0.00,E,U
wsm40539,-33.254,151.387,91,BO,0.33,D,U
wsm40540,-33.237,151.372,77,BO,0.39,D,U
wsm40541,-19.283,116.645,115,BO,3.32,D,SS
wsm40542,-27.855,140.122,105,BO,2.95,A,U
wsm40543,-29.307,115.093,83,BO,2.03,B,U
wsm40544,-29.307,115.093,79,DIF,1.73,D,U
wsm40545,-21.379,113.810,117,BO,2.75,A,U
wsm40546,-21.379,113.810,116,DIF,2.72,D,U
wsm40547,-29.338,114.993,94,DIF,2.19,A,U
wsm40548,-29.338,114.993,92,BO,2.25,D,U
wsm40549,-26.870,150.324,999,BO,0.00,E,U
wsm40550,-21.511,114.093,120,BO,1.11,C,U
wsm40551,-27.616,139.991,116,BO,2.75,C,U
wsm40552,-29.311,115.104,98,BO,2.16,C,U
wsm40553,-29.311,115.104,89,DIF,2.59,D,U
wsm40554,-27.599,140.004,111,BO,2.78,B,U
wsm40555,-29.301,115.103,81,BO,2.78,B,U
wsm40556,-29.301,115.103,81,DIF,2.76,C,U
wsm40557,-30.548,149.608,56,BO,0.72,D,U
wsm40558,-30.548,149.608,70,DIF,0.88,D,U
wsm40559,-29.318,115.043,84,BO,1.71,B,U
wsm40560,-29.318,115.043,114,DIF,1.43,D,U
wsm40561,-29.306,115.091,88,BO,2.59,B,U
wsm40562,-29.306,115.091,90,DIF,2.71,D,U
wsm40563,-39.862,145.375,30,BO,2.90,C,U
wsm40564,-38.150,147.977,145,BO,1.91,A,U
wsm40565,-38.150,147.977,148,DIF,2.03,D,U
wsm40566,-19.835,113.217,73,DIF,1.97,D,U
wsm40567,-19.904,113.100,124,DIF,1.71,D,U
wsm40568,-19.904,113.100,115,BO,1.76,D,U
wsm40569,-29.201,115.053,62,BO,2.22,B,U
wsm40570,-26.397,149.046,23,BO,0.30,D,U
wsm40571,-19.886,115.018,78,DIF,2.26,D,U
wsm40572,-28.894,153.062,77,BO,0.49,B,U
wsm40573,-28.894,153.064,80,BO,0.53,C,U
wsm40574,-28.889,153.061,93,BO,0.58,B,U
wsm40575,-29.220,115.061,74,BO,1.88,B,U
wsm40576,-29.422,115.138,97,DIF,3.25,D,U
wsm40577,-29.348,115.021,84,BO,1.63,B,U
wsm40578,-29.348,115.021,93,DIF,1.76,C,U
wsm40579,-19.962,115.139,133,DIF,2.67,D,U
wsm40580,-38.285,144.215,144,DIF,0.63,B,U
wsm40581,-38.285,144.215,137,BO,0.56,D,U
wsm40582,-14.445,121.642,110,DIF,3.63,B,U
wsm40583,-14.445,121.642,114,BO,3.57,C,U
wsm40584,-29.325,114.979,80,BO,1.82,B,U
wsm40585,-29.325,114.979,85,DIF,2.50,C,U
wsm40586,-29.338,114.989,86,BO,1.86,A,U
wsm40587,-29.338,114.989,90,DIF,2.39,C,U
wsm40588,-29.338,114.989,109,BO,2.47,D,U
wsm40589,-29.241,115.091,67,BO,2.68,C,U
wsm40590,-29.241,115.091,57,DIF,2.85,D,U
wsm40591,-26.849,150.327,999,BO,0.00,E,U
wsm40592,-30.470,136.797,98,BO,1.12,A,TF
wsm40593,-30.470,136.797,98,DIF,1.27,D,TF
wsm40594,-28.414,139.809,80,BO,1.77,D,U
wsm40595,-38.192,147.130,160,BO,1.43,C,U
wsm40596,-28.889,153.072,42,BO,0.41,D,U
wsm40597,-29.336,115.072,78,BO,2.54,D,U
wsm40598,-29.336,115.072,103,DIF,3.10,D,U
wsm40599,-24.161,148.753,999,BO,0.00,E,U
wsm40600,-19.910,115.161,107,DIF,2.40,D,U
wsm40601,-24.100,148.843,999,BO,0.00,E,U
wsm40602,-26.588,149.083,17,BO,0.87,D,U
wsm40603,-28.417,139.815,999,BO,0.00,E,U
wsm40604,-30.617,149.653,999,BO,0.00,E,U
wsm40605,-30.630,149.655,74,BO,0.72,C,U
wsm40606,-28.398,140.993,999,BO,0.00,E,U
wsm40607,-30.624,149.651,84,BO,0.61,D,U
wsm40608,-21.397,114.065,122,BO,1.29,D,U
wsm40609,-30.629,149.651,51,DIF,0.73,D,U
wsm40610,-30.629,149.651,60,BO,0.57,D,U
wsm40611,-25.667,148.893,999,BO,0.00,E,U
wsm40612,-30.627,149.653,49,DIF,0.87,D,U
wsm40613,-30.627,149.653,59,BO,0.82,D,U
wsm40614,-25.739,148.934,999,BO,0.00,E,U
wsm40615,-19.844,115.797,117,BO,3.66,A,U
wsm40616,-28.890,153.067,80,BO,0.53,B,U
wsm40617,-28.890,153.067,113,DIF,0.44,D,U
wsm40618,-14.394,121.644,119,DIF,3.63,B,U
wsm40619,-28.948,152.903,97,BO,0.52,B,U
wsm40620,-26.417,149.104,11,BO,0.44,D,U
wsm40621,-29.339,114.989,86,DIF,2.42,B,U
wsm40622,-29.339,114.989,99,BO,2.36,B,U
wsm40623,-26.486,149.076,999,BO,0.00,E,U
wsm40624,-25.651,148.985,999,BO,0.00,E,U
wsm40625,-26.403,148.935,37,BO,0.55,D,U
wsm40626,-25.684,149.024,38,DIF,0.93,C,U
wsm40627,-26.355,149.095,999,BO,0.00,E,U
wsm40628,-25.708,148.911,999,BO,0.00,E,U
wsm40629,-26.573,149.139,18,BO,0.74,D,U
wsm40630,-13.916,121.967,91,DIF,4.21,C,U
wsm40631,-13.916,121.967,87,BO,4.43,D,U
wsm40632,-25.635,149.002,999,BO,0.00,E,U
wsm40633,-26.530,148.945,33,BO,0.54,D,U
wsm40634,-25.672,148.965,999,BO,0.00,E,U
wsm40635,-26.338,149.024,999,BO,0.00,E,U
wsm40636,-34.045,150.782,140,BO,0.63,D,U
wsm40637,-25.954,148.551,999,BO,0.00,E,U
wsm40638,-19.899,115.113,108,BO,3.16,D,U
wsm40639,-25.665,148.950,999,BO,0.00,E,U
wsm40640,-25.540,148.933,999,BO,0.00,E,U
wsm40641,-28.948,152.903,93,BO,0.37,B,U
wsm40642,-28.948,152.903,97,DIF,0.25,D,U
wsm40643,-28.811,152.972,61,BO,0.64,A,U
wsm40644,-25.404,148.939,999,BO,0.00,E,U
wsm40645,-25.693,148.938,999,BO,0.00,E,U
wsm40646,-28.764,152.921,67,BO,0.34,D,U
wsm40647,-28.764,152.967,87,BO,0.60,B,U
wsm40648,-28.764,152.967,82,DIF,0.62,D,U
wsm40649,-25.796,148.981,999,BO,0.00,E,U
wsm40650,-21.506,114.108,109,BO,1.31,D,U
wsm40651,-25.631,148.998,999,BO,0.00,E,U
wsm40652,-27.072,150.676,999,BO,0.00,E,U
wsm40653,-19.910,115.120,163,BO,3.02,D,U
wsm40654,-28.774,153.024,74,BO,0.62,C,U
wsm40655,-21.454,114.252,97,BO,1.68,D,U
wsm40656,-28.805,152.939,69,BO,0.59,B,U
wsm40657,-28.805,152.939,55,DIF,0.68,D,U
wsm40658,-25.783,149.056,72,DIF,1.04,C,U
wsm40659,-28.829,153.056,62,BO,0.56,B,U
wsm40660,-28.829,153.056,55,DIF,0.36,D,U
wsm40661,-25.678,148.926,999,BO,0.00,E,U
wsm40662,-13.522,123.611,55,BO,1.23,D,U
wsm40663,-19.577,116.904,102,BO,1.89,C,SS
wsm40664,-19.577,116.904,98,DIF,1.89,C,SS
wsm40665,-28.734,153.021,81,BO,0.62,B,U
wsm40666,-31.923,149.687,3,BO,0.26,D,U
wsm40667,-31.923,149.687,175,DIF,0.26,D,U
wsm40668,-28.738,153.078,44,BO,0.60,B,U
wsm40669,-28.766,153.067,63,BO,0.60,D,U
wsm40670,-29.403,115.061,78,BO,2.14,B,U
wsm40671,-29.403,115.061,67,DIF,2.61,D,U
wsm40672,-28.198,140.321,110,BO,2.76,A,U
wsm40673,-28.198,140.321,106,DIF,2.89,D,U
wsm40674,-13.788,123.283,67,BO,4.13,B,U
wsm40675,-13.788,123.283,62,DIF,4.13,C,U
wsm40676,-23.084,144.723,999,BO,0.00,E,U
wsm40677,-32.647,150.985,73,BO,0.55,D,U
wsm40678,-19.424,113.089,122,BO,2.16,D,U
wsm40679,-31.844,149.699,14,BO,0.28,D,U
wsm40680,-31.844,149.699,23,DIF,0.27,D,U
wsm40681,-28.864,153.219,38,BO,0.63,B,U
wsm40682,-19.829,115.657,129,DIF,3.40,D,U
wsm40683,-28.914,153.104,48,BO,0.61,D,U
wsm40684,-16.620,133.579,39,BO,0.99,B,U
wsm40685,-16.620,133.579,30,DIF,0.48,D,U
wsm40686,-25.778,149.105,88,DIF,0.79,D,U
wsm40687,-34.007,150.830,116,BO,0.56,C,U
wsm40688,-33.986,150.836,103,BO,0.57,C,U
wsm40689,-30.546,149.654,46,DIF,0.77,B,U
wsm40690,-30.546,149.654,46,BO,0.72,B,U
wsm40691,-13.931,122.016,98,DIF,4.01,B,U
wsm40692,-13.931,122.016,94,BO,4.04,C,U
wsm40693,-30.670,149.655,43,BO,0.80,C,U
wsm40694,-30.670,149.655,44,DIF,0.83,C,U
wsm40695,-27.156,140.607,120,BO,2.09,A,U
wsm40696,-27.156,140.607,113,DIF,2.40,D,U
wsm40697,-33.832,150.803,999,BO,0.00,E,U
wsm40698,-13.784,123.410,63,BO,4.50,A,U
wsm40699,-13.784,123.410,61,DIF,4.08,D,U
wsm40700,-30.623,149.607,58,BO,0.74,D,U
wsm40701,-30.623,149.607,58,DIF,0.79,D,U
wsm40702,-19.976,115.185,124,BO,3.27,D,U
wsm40703,-27.637,140.136,108,BO,2.85,B,U
wsm40704,-27.637,140.136,109,DIF,2.91,D,U
wsm40705,-27.812,140.758,88,BO,3.92,A,U
wsm40706,-27.812,140.758,86,DIF,3.76,D,U
wsm40707,-27.264,150.968,999,BO,0.00,E,U
wsm40708,-14.639,120.417,98,DIF,3.05,B,U
wsm40709,-14.639,120.417,95,BO,3.00,D,U
wsm40710,-27.473,140.336,122,BO,2.89,C,U
wsm40711,-27.634,140.170,104,BO,2.91,B,U
wsm40712,-27.634,140.170,101,DIF,2.89,D,U
wsm40713,-26.517,149.287,21,BO,0.75,D,U
wsm40714,-26.428,149.371,999,BO,0.00,E,U
wsm40715,-30.648,149.696,45,BO,0.74,C,U
wsm40716,-19.250,113.080,119,BO,2.22,D,U
wsm40717,-19.250,113.080,111,DIF,2.30,D,U
wsm40718,-30.648,149.696,45,DIF,0.93,D,U
wsm40719,-30.654,149.737,31,BO,0.70,C,U
wsm40720,-30.654,149.737,34,DIF,0.73,D,U
wsm40721,-20.086,115.095,93,BO,3.47,C,SS
wsm40722,-20.086,115.095,74,DIF,3.47,D,SS
wsm40723,-26.521,140.078,74,BO,0.58,B,U
wsm40724,-26.521,140.078,75,DIF,0.58,D,U
wsm40725,-27.249,150.196,43,BO,1.14,D,U
wsm40726,-25.781,148.893,105,DIF,0.41,D,U
wsm40727,-30.703,149.665,27,BO,0.83,C,U
wsm40728,-30.703,149.665,24,DIF,0.84,C,U
wsm40729,-25.761,149.071,999,BO,0.00,E,U
wsm40730,-25.730,149.026,999,BO,0.00,E,U
wsm40731,-25.799,149.151,82,DIF,0.90,C,U
wsm40732,-25.799,149.151,88,BO,0.88,D,U
wsm40733,-26.445,148.921,999,BO,0.00,E,U
wsm40734,-26.831,150.271,999,BO,0.00,E,U
wsm40735,-26.699,149.111,30,DIF,0.70,D,U
wsm40736,-26.699,149.111,21,BO,0.74,D,U
wsm40737,-25.715,148.149,83,DIF,1.19,D,U
wsm40738,-25.715,148.149,80,BO,1.13,D,U
wsm40739,-26.803,149.210,26,BO,0.98,D,U
wsm40740,-27.203,150.967,999,BO,0.00,E,U
wsm40741,-25.336,136.146,100,DIF,1.62,C,U
wsm40742,-25.336,136.146,95,BO,1.87,D,U
wsm40743,-25.771,148.949,81,DIF,0.56,D,U
wsm40744,-25.771,148.949,83,BO,0.38,D,U
wsm40745,-26.964,150.309,53,BO,0.56,D,U
wsm40746,-26.697,149.179,26,DIF,0.88,D,U
wsm40747,-26.697,149.179,30,BO,0.92,D,U
wsm40748,-14.531,121.498,111,BO,3.93,A,U
wsm40749,-14.531,121.498,107,DIF,3.84,A,U
wsm40750,-25.639,149.130,42,DIF,1.10,C,U
wsm40751,-25.639,149.130,32,BO,1.02,D,U
wsm40752,-30.596,149.710,50,BO,0.82,D,U
wsm40753,-30.596,149.710,44,DIF,1.04,D,U
wsm40754,-30.967,150.012,34,BO,0.60,D,U
wsm40755,-26.799,149.041,37,BO,0.84,D,U
wsm40756,-26.527,149.213,24,DIF,0.64,C,U
wsm40757,-26.527,149.213,30,BO,0.68,D,U
wsm40758,-25.827,149.106,11,BO,0.62,D,U
wsm40759,-32.270,143.306,99,BO,1.43,A,U
wsm40760,-30.651,149.782,49,DIF,0.79,D,U
wsm40761,-30.651,149.782,48,BO,0.76,D,U
wsm40762,-25.540,148.824,35,BO,0.86,D,U
wsm40763,-25.792,148.924,999,BO,0.00,E,U
wsm40764,-26.511,149.114,999,BO,0.00,E,U
wsm40765,-25.764,148.938,131,BO,0.35,D,U
wsm40766,-25.764,148.938,134,DIF,0.44,D,U
wsm40767,-23.087,144.729,999,BO,0.00,E,U
wsm40768,-26.462,148.639,40,DIF,0.44,D,U
wsm40769,-26.462,148.639,35,BO,0.57,D,U
wsm40770,-23.086,144.727,999,BO,0.00,E,U
wsm40771,-25.994,148.531,46,DIF,0.12,D,U
wsm40772,-23.090,144.727,13,BO,0.99,C,U
wsm40773,-30.222,149.792,57,BO,0.72,C,U
wsm40774,-30.222,149.792,57,DIF,0.59,D,U
wsm40775,-25.722,148.936,999,BO,0.00,E,U
wsm40776,-23.090,144.732,18,BO,0.97,D,U
wsm40777,-19.833,115.621,143,BO,3.04,D,SS
wsm40778,-25.446,148.860,999,BO,0.00,E,U
wsm40779,-26.495,149.365,999,BO,0.00,E,U
wsm40780,-23.086,144.731,20,BO,0.97,D,U
wsm40781,-25.827,148.942,999,BO,0.00,E,U
wsm40782,-32.164,150.652,88,BO,0.50,C,U
wsm40783,-30.520,150.180,33,BO,0.38,D,U
wsm40784,-25.490,148.921,36,DIF,0.35,D,U
wsm40785,-25.490,148.921,50,BO,0.37,D,U
wsm40786,-26.439,148.800,9,BO,0.66,D,U
wsm40787,-13.728,123.271,62,BO,4.08,C,U
wsm40788,-25.291,148.851,31,BO,0.31,D,U
wsm40789,-19.766,115.889,135,BO,3.26,C,NF
wsm40790,-25.292,148.928,100,BO,0.76,D,U
wsm40791,-13.989,121.976,94,BO,4.52,A,U
wsm40792,-13.989,121.976,94,DIF,4.52,B,U
wsm40793,-25.734,149.005,65,DIF,1.46,A,U
wsm40794,-32.133,151.944,121,BO,0.66,C,U
wsm40795,-26.683,148.992,33,BO,0.80,D,U
wsm40796,-25.342,148.878,999,BO,0.00,E,U
wsm40797,-25.608,148.765,61,BO,0.61,C,U
wsm40798,-25.608,148.765,60,DIF,0.88,D,U
wsm40799,-30.184,149.719,71,DIF,0.71,D,U
wsm40800,-30.184,149.719,63,BO,0.74,D,U
wsm40801,-30.698,150.229,39,BO,0.50,C,U
wsm40802,-30.698,150.229,40,DIF,0.29,D,U
wsm40803,-31.429,149.632,177,BO,0.60,D,U
wsm40804,-25.608,148.811,52,DIF,0.77,D,U
wsm40805,-29.290,149.797,116,BO,0.44,D,U
wsm40806,-25.815,149.678,999,BO,0.00,E,U
wsm40807,-31.356,150.325,124,BO,0.41,D,U
wsm40808,-29.526,149.117,177,BO,0.42,D,U
wsm40809,-14.363,121.659,107,DIF,3.63,A,U
wsm40810,-14.363,121.659,104,BO,3.76,B,U
wsm40811,-27.475,150.712,36,BO,0.67,C,U
wsm40812,-25.735,149.083,64,DIF,1.18,B,U
wsm40813,-31.505,150.610,134,BO,0.73,C,U
wsm40814,-31.505,150.610,148,DIF,0.36,D,U
wsm40815,-32.135,150.800,97,BO,0.56,D,U
wsm40816,-19.420,116.498,125,BO,3.07,D,SS
wsm40817,-31.219,150.158,37,BO,0.66,D,U
wsm40818,-23.647,148.263,10,BO,1.19,A,U
wsm40819,-23.647,148.263,10,BO,1.24,C,U
wsm40820,-23.465,148.315,21,BO,0.55,D,U
wsm40821,-26.931,150.150,80,BO,0.91,D,U
wsm40822,-24.910,148.787,38,BO,0.56,D,U
wsm40823,-26.187,149.560,78,DIF,0.58,D,U
wsm40824,-26.187,149.560,85,BO,0.58,D,U
wsm40825,-27.434,139.720,999,BO,0.00,E,U
wsm40826,-25.610,148.822,43,DIF,0.69,D,U
wsm40827,-25.610,148.822,46,BO,0.38,D,U
wsm40828,-31.217,148.865,134,BO,0.62,D,U
wsm40829,-23.784,148.323,24,BO,1.25,C,U
wsm40830,-31.456,149.026,18,BO,0.72,D,U
wsm40831,-31.897,150.642,92,BO,1.29,C,U
wsm40832,-22.837,144.667,999,BO,0.00,E,U
wsm40833,-27.185,151.127,999,BO,0.00,E,U
wsm40834,-27.427,139.715,999,BO,0.00,E,U
wsm40835,-30.452,149.716,51,BO,0.71,C,U
wsm40836,-31.467,149.847,14,BO,0.81,C,U
wsm40837,-31.467,149.847,21,DIF,0.66,D,U
wsm40838,-26.882,150.338,77,DIF,0.59,D,U
wsm40839,-26.184,149.455,85,DIF,0.53,D,U
wsm40840,-26.184,149.455,105,BO,0.53,D,U
wsm40841,-31.307,149.942,62,BO,0.82,D,U
wsm40842,-31.088,149.840,68,BO,0.56,C,U
wsm40843,-31.088,149.840,78,DIF,0.49,D,U
wsm40844,-32.479,150.677,17,BO,0.40,D,U
wsm40845,-30.382,149.620,62,BO,0.82,C,U
wsm40846,-30.382,149.620,60,DIF,0.72,D,U
wsm40847,-31.988,150.806,999,BO,0.00,E,U
wsm40848,-28.360,140.110,112,BO,2.51,C,U
wsm40849,-28.360,140.110,103,DIF,2.18,D,U
wsm40850,-27.541,150.907,154,BO,0.49,D,U
wsm40851,-31.319,149.835,166,BO,0.74,D,U
wsm40852,-24.268,148.919,40,BO,0.42,C,U
wsm40853,-27.796,135.138,115,BO,0.20,D,U
wsm40854,-30.913,149.815,47,BO,0.30,D,U
wsm40855,-30.913,149.815,58,DIF,0.31,D,U
wsm40856,-22.716,144.594,999,BO,0.00,E,U
wsm40857,-27.796,135.138,114,BO,0.38,D,U
wsm40858,-19.928,115.249,110,BO,2.42,D,U
wsm40859,-27.421,139.710,999,BO,0.00,E,U
wsm40860,-30.550,149.725,53,BO,0.81,C,U
wsm40861,-30.550,149.725,60,DIF,0.80,D,U
wsm40862,-31.552,149.787,4,BO,0.79,B,U
wsm40863,-31.759,149.862,152,BO,0.78,D,U
wsm40864,-38.369,147.127,157,BO,1.93,A,U
wsm40865,-28.086,134.895,85,DIF,0.23,D,U
wsm40866,-25.529,148.933,999,BO,0.00,E,U
wsm40867,-39.886,142.371,999,BO,0.00,E,U
wsm40868,-30.213,139.729,97,BO,2.86,B,U
wsm40869,-31.988,150.806,77,BO,0.86,B,U
wsm40870,-26.366,149.979,77,BO,0.55,C,U
wsm40871,-26.366,149.979,73,DIF,0.47,D,U
wsm40872,-26.912,149.394,11,BO,1.18,D,U
wsm40873,-32.001,151.959,61,BO,0.39,D,U
wsm40874,-26.017,149.525,92,BO,0.38,C,U
wsm40875,-26.017,149.525,84,DIF,0.24,D,U
wsm40876,-32.168,151.918,34,BO,0.63,D,U
wsm40877,-29.521,150.189,179,BO,0.54,D,U
wsm40878,-26.631,150.146,11,BO,0.52,A,U
wsm40879,-26.293,149.217,999,BO,0.00,E,U
wsm40880,-27.320,150.966,44,BO,0.47,D,U
wsm40881,-24.870,135.850,95,BO,0.71,C,U
wsm40882,-26.465,150.069,58,BO,0.50,D,U
wsm40883,-28.472,140.699,104,DIF,1.99,B,U
wsm40884,-28.472,140.699,103,BO,1.92,D,U
wsm40885,-27.353,150.941,30,BO,0.52,D,U
wsm40886,-28.721,150.346,46,BO,0.58,B,U
wsm40887,-26.111,149.688,70,DIF,0.42,D,U
wsm40888,-27.962,150.922,55,BO,0.33,D,U
wsm40889,-27.285,150.744,999,BO,0.00,E,U
wsm40890,-25.945,149.574,81,DIF,0.28,D,U
wsm40891,-25.945,149.574,80,BO,0.38,D,U
wsm40892,-26.044,149.695,75,BO,0.37,D,U
wsm40893,-26.044,149.695,74,DIF,0.39,D,U
wsm40894,-19.399,114.333,96,DIF,3.68,A,NF
wsm40895,-19.399,114.333,104,BO,3.68,D,NF
wsm40896,-26.177,149.902,78,BO,0.33,B,U
wsm40897,-27.092,150.810,999,BO,0.00,E,U
wsm40898,-28.632,150.282,22,BO,0.75,D,U
wsm40899,-27.090,150.797,999,BO,0.00,E,U
wsm40900,-30.403,149.538,35,BO,0.77,D,U
wsm40901,-32.841,151.837,104,BO,0.61,D,U
wsm40902,-28.790,150.374,23,BO,0.55,C,U
wsm40903,-32.743,151.145,122,BO,0.56,D,U
wsm40904,-27.790,150.946,52,BO,0.41,C,U
wsm40905,-26.714,150.193,81,DIF,1.01,E,U
wsm40906,-26.714,150.193,51,BO,1.01,D,U
wsm40907,-32.179,151.938,95,BO,0.72,B,U
wsm40908,-27.098,150.803,999,BO,0.00,E,U
wsm40909,-32.194,151.945,101,BO,0.47,C,U
wsm40910,-28.895,150.414,39,BO,0.55,D,U
wsm40911,-28.895,150.414,49,DIF,0.42,D,U
wsm40912,-32.748,151.148,128,BO,0.42,C,U
wsm40913,-26.297,149.779,71,BO,0.64,B,U
wsm40914,-26.297,149.779,80,DIF,0.65,D,U
wsm40915,-27.795,150.946,54,BO,0.54,D,SS
wsm40916,-26.042,149.588,79,BO,0.32,C,U
wsm40917,-26.276,149.823,70,BO,0.50,A,U
wsm40918,-26.276,149.823,75,DIF,0.52,D,U
wsm40919,-32.818,151.879,24,BO,0.57,D,U
wsm40920,-26.590,149.125,21,BO,1.34,D,U
wsm40921,-26.411,149.783,107,DIF,1.02,D,U
wsm40922,-26.411,149.783,83,BO,1.02,D,U
wsm40923,-27.028,150.567,76,BO,0.17,D,U
wsm40924,-26.488,150.402,999,BO,0.00,E,U
wsm40925,-26.066,149.643,89,BO,0.31,B,U
wsm40926,-26.081,149.614,93,BO,0.30,C,U
wsm40927,-26.081,149.614,85,DIF,0.52,D,U
wsm40928,-26.111,149.688,72,BO,0.42,B,U
wsm40929,-27.017,150.569,77,BO,0.37,D,U
wsm40930,-26.488,149.932,88,BO,0.81,C,U
wsm40931,-25.989,149.552,82,BO,0.29,B,U
wsm40932,-25.989,149.552,79,DIF,0.45,D,U
wsm40933,-26.006,149.609,82,BO,0.30,C,U
wsm40934,-25.762,148.954,999,BO,0.00,E,U
wsm40935,-25.998,149.548,94,BO,0.30,B,U
wsm40936,-19.020,114.550,115,BO,3.28,D,U
wsm40937,-19.020,114.550,104,DIF,3.27,D,U
wsm40938,-25.998,149.548,85,DIF,0.37,D,U
wsm40939,-32.648,138.658,101,BO,0.22,D,U
wsm40940,-27.295,150.918,999,BO,0.00,E,U
wsm40941,-25.991,149.562,89,BO,0.30,B,U
wsm40942,-26.959,150.495,40,BO,0.44,D,U
wsm40943,-33.162,151.630,26,BO,0.67,A,U
wsm40944,-33.162,151.630,15,DIF,0.32,D,U
wsm40945,-25.694,149.135,53,DIF,1.36,B,U
wsm40946,-27.201,150.693,8,BO,0.54,C,U
wsm40947,-25.694,149.135,49,BO,0.73,D,U
wsm40948,-27.186,150.812,92,BO,0.41,C,U
wsm40949,-22.941,144.628,5,BO,1.10,D,U
wsm40950,-27.297,150.637,29,BO,0.69,A,U
wsm40951,-26.382,148.725,999,BO,0.00,E,U
wsm40952,-31.682,150.650,156,BO,0.87,B,U
wsm40953,-27.206,150.685,22,BO,0.50,D,U
wsm40954,-27.363,150.824,61,BO,0.77,D,U
wsm40955,-32.746,151.147,131,BO,0.39,D,U
wsm40956,-32.231,151.952,1,BO,0.37,C,U
wsm40957,-27.199,150.679,8,BO,0.46,C,U
wsm40958,-27.347,150.983,40,BO,0.30,C,U
wsm40959,-28.726,153.270,126,BO,0.51,D,U
wsm40960,-30.119,149.793,74,BO,0.82,D,U
wsm40961,-18.960,113.684,97,BO,4.40,B,U
wsm40962,-18.960,113.684,99,DIF,3.46,D,U
wsm40963,-27.193,150.687,4,BO,0.39,D,U
wsm40964,-30.251,149.726,59,BO,0.83,C,U
wsm40965,-27.270,133.565,83,BO,1.43,A,U
wsm40966,-27.270,133.565,85,DIF,1.29,C,U
wsm40967,-22.516,145.870,44,BO,0.75,D,U
wsm40968,-32.747,151.142,140,BO,0.44,C,U
wsm40969,-25.697,148.976,77,DIF,0.58,D,U
wsm40970,-32.747,151.142,144,DIF,0.19,D,U
wsm40971,-26.230,149.574,999,BO,0.00,E,U
wsm40972,-32.163,151.960,8,BO,0.49,B,U
wsm40973,-32.163,151.960,16,DIF,0.74,D,U
wsm40974,-27.215,150.749,25,BO,0.45,D,U
wsm40975,-27.200,150.686,8,BO,0.53,C,U
wsm40976,-26.317,148.689,999,BO,0.00,E,U
wsm40977,-27.598,150.898,24,BO,0.83,C,SS
wsm40978,-27.216,150.731,14,BO,0.51,C,U
wsm40979,-27.216,150.731,20,DIF,0.50,D,U
wsm40980,-28.560,153.014,166,BO,0.78,B,U
wsm40981,-32.643,151.021,73,BO,0.48,B,U
wsm40982,-31.904,150.643,76,BO,0.97,C,U
wsm40983,-32.643,151.021,74,DIF,0.45,D,U
wsm40984,-27.213,150.741,13,BO,0.52,B,U
wsm40985,-27.213,150.741,17,DIF,0.56,D,U
wsm40986,-26.568,149.732,106,BO,0.71,D,U
wsm40987,-26.360,149.987,66,BO,0.42,B,U
wsm40988,-26.360,149.987,78,DIF,0.50,D,U
wsm40989,-22.367,145.868,13,BO,0.83,D,U
wsm40990,-27.239,150.988,999,BO,0.00,E,U
wsm40991,-27.171,150.860,999,BO,0.00,E,U
wsm40992,-32.640,151.016,62,BO,0.49,B,U
wsm40993,-27.203,150.736,35,BO,0.45,D,U
wsm40994,-32.640,151.016,70,DIF,0.37,D,U
wsm40995,-26.044,149.812,65,BO,0.27,D,U
wsm40996,-26.044,149.812,70,DIF,0.30,D,U
wsm40997,-21.214,115.123,102,DIF,3.11,B,U
wsm40998,-21.214,115.123,99,BO,3.30,B,U
wsm40999,-26.523,149.717,86,BO,0.76,D,U
wsm41000,-27.209,150.724,17,BO,0.40,C,U
wsm41001,-27.209,150.724,18,DIF,0.52,D,U
wsm41002,-26.440,150.075,37,BO,0.43,D,U
wsm41003,-27.280,133.421,84,DIF,1.09,C,U
wsm41004,-27.280,133.421,92,BO,0.98,C,U
wsm41005,-27.008,150.528,90,DIF,0.32,D,U
wsm41006,-27.008,150.528,86,BO,0.32,D,U
wsm41007,-32.809,151.838,999,BO,0.00,E,U
wsm41008,-20.154,111.595,43,DIF,2.64,D,U
wsm41009,-26.407,149.582,105,BO,0.97,D,U
wsm41010,-32.640,151.022,74,BO,0.41,C,U
wsm41011,-32.640,151.022,88,DIF,0.36,D,U
wsm41012,-26.436,150.082,61,BO,0.51,D,U
wsm41013,-20.208,114.819,115,BO,4.01,A,SS
wsm41014,-21.405,113.933,118,BO,2.06,B,U
wsm41015,-21.405,113.933,136,DIF,2.34,D,U
wsm41016,-26.086,149.790,62,BO,0.28,C,U
wsm41017,-26.437,150.070,51,BO,0.53,D,U
wsm41018,-27.280,151.055,32,BO,0.25,D,U
wsm41019,-21.304,115.195,104,BO,1.46,B,U
wsm41020,-21.304,115.195,95,DIF,2.19,C,U
wsm41021,-26.094,149.790,67,BO,0.33,C,U
wsm41022,-26.094,149.790,67,DIF,0.30,D,U
wsm41023,-26.682,150.398,36,BO,0.11,D,U
wsm41024,-25.232,148.902,999,BO,0.00,E,U
wsm41025,-27.167,150.855,92,BO,0.42,C,U
wsm41026,-27.167,150.855,93,DIF,0.50,D,U
wsm41027,-21.569,114.142,116,BO,0.99,D,U
wsm41028,-21.569,114.142,103,DIF,1.02,D,U
wsm41029,-32.831,151.825,19,BO,0.60,D,U
wsm41030,-32.831,151.825,15,DIF,0.62,D,U
wsm41031,-26.294,148.858,98,BO,0.22,D,U
wsm41032,-26.669,150.001,64,BO,0.77,C,U
wsm41033,-26.609,149.674,999,BO,0.00,E,U
wsm41034,-27.404,150.658,23,BO,0.69,C,U
wsm41035,-26.260,148.919,999,BO,0.00,E,U
wsm41036,-22.738,144.920,38,BO,1.23,D,U
wsm41037,-26.313,149.810,64,BO,0.66,C,U
wsm41038,-26.988,150.609,42,BO,0.64,D,U
wsm41039,-25.680,148.624,90,BO,0.66,C,U
wsm41040,-26.118,149.692,78,BO,0.49,B,U
wsm41041,-27.348,150.946,30,BO,0.46,D,U
wsm41042,-26.118,149.692,67,DIF,0.40,D,U
wsm41043,-27.278,151.047,999,BO,0.00,E,U
wsm41044,-26.229,148.866,35,BO,0.10,D,U
wsm41045,-19.942,111.649,106,BO,3.31,D,U
wsm41046,-27.136,150.672,148,BO,0.41,D,U
wsm41047,-27.328,151.066,999,BO,0.00,E,U
wsm41048,-19.400,114.230,101,DIF,3.86,A,U
wsm41049,-19.400,114.230,101,BO,4.02,B,U
wsm41050,-25.884,149.141,104,BO,0.60,D,U
wsm41051,-25.884,149.141,93,DIF,0.57,D,U
wsm41052,-22.524,144.768,18,BO,0.78,D,U
wsm41053,-27.394,133.442,96,DIF,0.85,D,U
wsm41054,-27.394,133.442,97,BO,1.06,D,U
wsm41055,-26.112,149.697,75,BO,0.43,C,U
wsm41056,-27.262,150.659,58,BO,0.60,D,U
wsm41057,-26.112,149.697,74,DIF,0.43,D,U
wsm41058,-27.262,150.659,48,DIF,0.64,D,U
wsm41059,-31.823,148.838,999,BO,0.00,E,U
wsm41060,-26.240,149.074,999,BO,0.00,E,U
wsm41061,-32.063,150.056,139,BO,0.79,B,U
wsm41062,-32.063,150.056,140,DIF,0.66,D,U
wsm41063,-26.150,149.812,68,BO,0.38,B,U
wsm41064,-26.150,149.812,70,DIF,0.48,D,U
wsm41065,-27.017,150.516,77,BO,0.48,D,U
wsm41066,-19.115,114.270,118,BO,3.04,D,U
wsm41067,-19.115,114.270,131,DIF,3.18,D,U
wsm41068,-27.330,150.699,8,BO,0.61,A,U
wsm41069,-27.330,150.699,9,DIF,0.63,D,U
wsm41070,-27.264,150.994,999,BO,0.00,E,U
wsm41071,-27.315,150.970,61,BO,0.44,D,U
wsm41072,-27.320,150.974,999,BO,0.00,E,U
wsm41073,-26.157,149.800,76,BO,0.25,D,U
wsm41074,-26.157,149.800,68,DIF,0.18,D,U
wsm41075,-30.289,149.621,66,BO,0.90,D,U
wsm41076,-30.289,149.621,59,DIF,0.96,D,U
wsm41077,-24.724,150.004,11,BO,0.55,D,U
wsm41078,-26.159,149.946,999,BO,0.00,E,U
wsm41079,-27.268,151.064,999,BO,0.00,E,U
wsm41080,-27.306,150.863,114,BO,0.44,D,U
wsm41081,-26.449,149.652,98,DIF,0.90,D,U
wsm41082,-26.449,149.652,121,BO,0.90,D,U
wsm41083,-26.143,149.803,62,BO,0.39,C,U
wsm41084,-26.143,149.803,68,DIF,0.47,D,U
wsm41085,-26.589,150.369,999,BO,0.00,E,U
wsm41086,-30.980,150.013,999,BO,0.00,E,U
wsm41087,-30.401,149.603,60,DIF,0.59,D,U
wsm41088,-30.401,149.603,50,BO,0.51,D,U
wsm41089,-27.313,150.866,999,BO,0.00,E,U
wsm41090,-27.370,150.685,7,BO,0.65,D,U
wsm41091,-26.504,149.633,62,BO,0.65,D,U
wsm41092,-19.400,114.312,107,BO,3.67,A,U
wsm41093,-26.595,150.400,999,BO,0.00,E,U
wsm41094,-26.656,150.413,11,BO,0.07,D,U
wsm41095,-30.987,150.010,999,BO,0.00,E,U
wsm41096,-25.899,149.472,87,BO,0.15,D,U
wsm41097,-27.252,150.814,89,BO,0.62,C,U
wsm41098,-27.252,150.814,87,DIF,0.74,D,U
wsm41099,-26.742,150.353,999,BO,0.00,E,U
wsm41100,-30.983,150.010,64,BO,0.49,D,U
wsm41101,-27.111,150.389,56,BO,0.95,D,SS
wsm41102,-27.215,150.785,132,BO,0.29,D,U
wsm41103,-29.173,152.991,75,BO,0.66,C,U
wsm41104,-25.901,150.044,56,BO,0.96,C,U
wsm41105,-30.333,149.562,53,BO,0.87,D,U
wsm41106,-30.333,149.562,52,DIF,0.75,D,U
wsm41107,-31.506,150.127,5,BO,0.97,D,U
wsm41108,-25.930,150.030,59,BO,0.99,B,U
wsm41109,-26.544,149.885,85,BO,0.91,B,U
wsm41110,-25.958,149.639,79,BO,0.40,D,U
wsm41111,-26.929,150.302,40,BO,0.44,B,U
wsm41112,-26.929,150.302,45,DIF,0.66,D,U
wsm41113,-25.967,150.042,65,BO,0.93,C,U
wsm41114,-26.656,150.361,999,BO,0.00,E,U
wsm41115,-26.418,149.829,67,BO,0.89,D,U
wsm41116,-26.418,149.829,71,DIF,0.89,D,U
wsm41117,-30.153,150.047,96,BO,0.40,C,U
wsm41118,-21.512,113.863,115,BO,2.06,B,U
wsm41119,-21.512,113.863,120,DIF,1.95,D,U
wsm41120,-30.153,150.047,113,DIF,0.34,D,U
wsm41121,-26.935,150.297,48,BO,0.53,D,U
wsm41122,-26.935,150.297,46,DIF,0.63,D,U
wsm41123,-19.426,114.376,115,DIF,3.80,A,U
wsm41124,-19.426,114.376,109,BO,4.00,D,U
wsm41125,-26.186,149.621,90,DIF,0.59,D,U
wsm41126,-31.392,150.515,999,BO,0.00,E,U
wsm41127,-30.885,149.945,52,BO,0.48,D,U
wsm41128,-27.323,150.988,72,BO,0.38,D,U
wsm41129,-26.051,149.840,999,BO,0.00,E,U
wsm41130,-26.928,150.294,55,BO,0.54,D,U
wsm41131,-26.928,150.294,50,DIF,0.72,D,U
wsm41132,-31.019,150.377,999,BO,0.00,E,U
wsm41133,-27.700,140.724,95,BO,3.14,A,TF
wsm41134,-27.700,140.724,97,DIF,2.99,D,TF
wsm41135,-26.975,150.264,41,BO,0.68,D,U
wsm41136,-26.975,150.264,40,DIF,0.78,D,U
wsm41137,-25.830,149.127,999,BO,0.00,E,U
wsm41138,-27.174,150.224,47,BO,1.02,D,U
wsm41139,-21.512,113.863,125,BO,1.83,B,U
wsm41140,-30.434,149.651,55,BO,1.07,D,U
wsm41141,-30.434,149.651,45,DIF,0.71,D,U
wsm41142,-25.682,148.920,59,DIF,1.54,B,U
wsm41143,-30.747,149.843,61,BO,0.44,C,U
wsm41144,-30.747,149.843,55,DIF,0.54,D,U
wsm41145,-30.702,149.588,40,DIF,0.62,D,U
wsm41146,-27.161,150.677,28,BO,0.52,D,U
wsm41147,-19.915,115.251,111,BO,2.88,D,U
wsm41148,-26.352,149.880,60,BO,0.68,D,SS
wsm41149,-26.352,149.880,2,DIF,0.68,D,SS
wsm41150,-28.036,140.236,95,BO,2.61,D,U
wsm41151,-25.956,149.460,999,BO,0.00,E,U
wsm41152,-26.044,149.823,71,DIF,0.37,D,U
wsm41153,-31.048,150.043,55,BO,0.59,C,U
wsm41154,-25.955,148.530,74,BO,1.00,D,U
wsm41155,-25.931,148.898,64,DIF,0.98,B,U
wsm41156,-26.122,149.208,121,DIF,1.14,C,U
wsm41157,-26.122,149.208,119,BO,1.14,D,U
wsm41158,-27.089,150.730,51,BO,0.39,B,U
wsm41159,-27.324,150.910,999,BO,0.00,E,U
wsm41160,-26.808,150.171,38,BO,0.57,D,U
wsm41161,-26.808,150.171,83,DIF,0.57,D,U
wsm41162,-27.091,150.684,130,BO,0.52,D,U
wsm41163,-25.065,149.007,6,BO,1.07,D,U
wsm41164,-27.402,151.020,152,BO,0.44,D,U
wsm41165,-27.402,151.020,130,DIF,0.48,D,U
wsm41166,-26.127,149.104,103,DIF,0.74,C,U
wsm41167,-27.852,139.903,999,BO,0.00,E,U
wsm41168,-25.915,149.703,41,BO,0.32,D,U
wsm41169,-28.503,135.486,94,BO,0.49,C,U
wsm41170,-28.503,135.486,89,DIF,0.55,D,U
wsm41171,-25.183,148.826,999,BO,0.00,E,U
wsm41172,-28.381,135.477,75,DIF,0.32,D,U
wsm41173,-26.229,149.709,91,BO,0.71,D,U
wsm41174,-25.923,150.038,69,BO,1.06,A,U
wsm41175,-25.923,150.038,69,DIF,1.16,C,U
wsm41176,-25.315,149.830,55,BO,1.54,A,U
wsm41177,-33.031,150.662,86,BO,0.76,A,U
wsm41178,-28.381,135.477,76,DIF,0.79,D,U
wsm41179,-21.858,148.523,21,BO,0.56,D,U
wsm41180,-21.858,148.523,28,DIF,0.42,D,U
wsm41181,-25.910,149.540,999,BO,0.00,E,U
wsm41182,-26.117,149.704,999,BO,0.00,E,U
wsm41183,-28.120,142.125,109,DIF,1.59,D,U
wsm41184,-28.120,142.125,104,BO,1.47,D,U
wsm41185,-26.968,150.530,101,DIF,0.50,D,U
wsm41186,-26.968,150.530,45,BO,0.50,D,U
wsm41187,-27.978,142.277,103,BO,1.27,A,U
wsm41188,-27.978,142.277,106,DIF,1.33,D,U
wsm41189,-25.754,149.042,999,BO,0.00,E,U
wsm41190,-21.958,148.153,75,BO,0.78,D,U
wsm41191,-25.735,149.125,999,BO,0.00,E,U
wsm41192,-27.967,142.198,97,BO,1.36,B,U
wsm41193,-27.967,142.198,91,DIF,1.43,C,U
wsm41194,-25.683,149.057,62,DIF,0.72,D,U
wsm41195,-22.100,148.412,32,BO,0.35,C,U
wsm41196,-25.626,148.500,88,BO,0.91,D,U
wsm41197,-28.163,142.144,130,BO,1.41,D,U
wsm41198,-28.042,140.234,96,DIF,2.64,B,SS
wsm41199,-28.042,140.234,93,BO,2.62,D,SS
wsm41200,-26.814,150.709,999,BO,0.00,E,U
wsm41201,-27.149,149.643,25,BO,3.25,C,U
wsm41202,-22.179,148.317,46,DIF,0.56,D,U
wsm41203,-22.179,148.317,42,BO,0.57,D,U
wsm41204,-25.696,148.724,70,DIF,0.75,D,U
wsm41205,-26.898,149.890,53,BO,3.92,C,U
wsm41206,-31.061,136.897,999,BO,0.00,E,U
wsm41207,-34.415,135.855,105,DIF,0.19,D,U
wsm41208,-28.361,140.330,121,BO,2.60,A,U
wsm41209,-34.074,136.312,100,DIF,0.34,D,U
wsm41210,-34.074,136.312,120,BO,0.30,D,U
wsm41211,-25.769,149.648,999,BO,0.00,E,U
wsm41212,-27.751,140.864,92,DIF,3.21,A,U
wsm41213,-27.751,140.864,95,BO,3.19,A,U
wsm41214,-28.576,140.595,88,BO,2.28,B,U
wsm41215,-25.680,148.614,92,BO,0.64,B,U
wsm41216,-27.865,139.900,113,BO,2.99,B,U
wsm41217,-27.865,139.900,112,DIF,3.21,D,U
wsm41218,-25.292,148.928,18,BO,0.73,D,U
wsm41219,-28.278,140.937,82,BO,2.47,A,U
wsm41220,-16.226,135.977,150,BO,1.09,D,U
wsm41221,-16.226,135.977,174,DIF,0.34,D,U
wsm41222,-22.113,148.480,46,BO,0.27,D,U
wsm41223,-22.115,148.481,55,BO,0.35,D,U
wsm41224,-22.223,148.274,44,DIF,0.40,D,U
wsm41225,-26.142,150.018,999,BO,0.00,E,U
wsm41226,-38.254,146.690,83,BO,1.45,D,U
wsm41227,-38.254,146.690,104,DIF,1.15,C,U
wsm41228,-16.772,135.991,9,BO,0.75,C,U
wsm41229,-22.560,148.572,999,BO,0.00,E,U
wsm41230,-21.847,142.375,77,DIF,1.36,B,U
wsm41231,-22.559,148.576,999,BO,0.00,E,U
wsm41232,-16.965,136.315,999,BO,0.00,E,U
wsm41233,-25.715,148.975,76,DIF,1.32,A,U
wsm41234,-31.220,137.494,102,BO,0.98,C,U
wsm41235,-31.220,137.494,92,DIF,0.80,D,U
wsm41236,-21.524,148.136,64,BO,0.35,D,U
wsm41237,-16.965,136.315,52,BO,0.28,D,U
wsm41238,-22.113,148.480,44,BO,0.26,D,U
wsm41239,-21.525,148.126,57,BO,0.25,C,U
wsm41240,-22.140,142.632,80,DIF,1.20,C,U
wsm41241,-22.140,142.632,70,BO,0.69,D,U
wsm41242,-32.949,139.696,100,DIF,0.22,D,U
wsm41243,-27.694,141.064,98,BO,3.35,A,SS
wsm41244,-27.694,141.064,100,DIF,4.08,A,SS
wsm41245,-22.428,142.416,96,BO,1.21,A,U
wsm41246,-26.016,149.915,57,DIF,0.22,D,U
wsm41247,-25.803,148.611,93,DIF,1.01,C,U
wsm41248,-25.803,148.611,95,BO,1.06,D,U
wsm41249,-22.590,148.615,7,BO,0.20,D,U
wsm41250,-25.756,149.725,64,BO,0.32,D,U
wsm41251,-28.167,140.784,94,BO,2.71,A,U
wsm41252,-28.167,140.784,96,DIF,2.81,D,U
wsm41253,-22.213,142.452,84,BO,0.35,C,U
wsm41254,-25.722,149.743,76,BO,0.27,D,U
wsm41255,-22.367,145.867,28,BO,0.58,C,U
wsm41256,-22.367,145.867,15,DIF,0.98,D,U
wsm41257,-31.725,140.528,114,DIF,0.24,D,U
wsm41258,-35.001,138.939,96,BO,0.16,A,U
wsm41259,-24.695,148.889,21,BO,0.30,D,U
wsm41260,-24.695,148.889,14,DIF,0.54,D,U
wsm41261,-22.441,146.009,176,BO,0.77,D,U
wsm41262,-24.474,148.943,31,BO,0.72,D,U
wsm41263,-22.407,146.127,6,DIF,0.71,D,U
wsm41264,-22.407,146.127,10,BO,0.65,D,U
wsm41265,-24.292,148.956,38,BO,0.93,C,U
wsm41266,-36.892,144.799,154,BO,0.22,D,U
wsm41267,-36.892,144.799,146,DIF,0.21,D,U
wsm41268,-28.048,140.235,94,DIF,2.68,B,U
wsm41269,-28.048,140.235,96,BO,2.68,D,U
wsm41270,-31.541,137.525,111,DIF,0.37,D,U
wsm41271,-31.541,137.525,112,BO,0.33,D,U
wsm41272,-31.582,137.564,98,DIF,0.36,D,U
wsm41273,-31.582,137.564,82,BO,0.39,D,U
wsm41274,-31.282,137.370,77,DIF,0.38,D,U
wsm41275,-32.743,136.321,105,DIF,0.35,D,U
wsm41276,-30.519,128.366,84,DIF,0.38,D,U
wsm41277,-30.519,128.366,86,BO,0.38,D,U
wsm41278,-32.952,139.714,999,BO,0.00,E,U
wsm41279,-30.184,137.060,87,BO,0.96,C,U
wsm41280,-30.706,134.531,104,DIF,0.26,E,U
wsm41281,-31.257,144.758,103,BO,1.17,C,TS
wsm41282,-31.257,144.758,99,DIF,1.24,D,TS
wsm41283,-26.316,129.148,80,BO,0.28,D,U
wsm41284,-31.246,143.200,88,BO,1.79,A,TS
wsm41285,-31.246,143.200,96,DIF,1.79,C,TS
wsm41286,-32.656,136.424,86,DIF,0.17,D,U
wsm41287,-32.002,140.749,999,BO,0.00,E,U
wsm41288,-27.829,140.926,88,BO,3.21,A,U
wsm41289,-27.829,140.926,90,DIF,3.28,D,U
wsm41290,-21.000,114.862,107,BO,2.63,B,U
wsm41291,-33.228,151.291,26,BO,0.39,B,U
wsm41292,-26.061,149.226,100,BO,1.01,B,SS
wsm41293,-33.248,151.399,21,BO,0.34,B,U
wsm41294,-26.061,149.226,112,DIF,1.01,C,SS
wsm41295,-33.270,151.342,109,BO,0.37,C,U
wsm41296,-26.289,149.856,66,BO,0.61,C,U
wsm41297,-33.226,151.380,83,BO,0.30,C,U
wsm41298,-33.268,151.356,31,BO,0.34,C,U
wsm41299,-13.502,123.536,69,BO,4.53,D,U
wsm41300,-26.571,150.135,148,BO,0.70,D,U
wsm41301,-28.715,114.266,101,DIF,1.56,D,U
wsm41302,-33.195,151.386,29,BO,0.23,D,U
wsm41303,-33.214,151.381,31,BO,0.29,D,U
wsm41304,-33.252,151.334,170,BO,0.40,D,U
wsm41305,-33.259,151.388,106,BO,0.31,D,U
wsm41306,-33.224,151.378,20,BO,0.27,D,U
wsm41307,-26.597,149.929,67,BO,0.85,D,U
wsm41308,-33.265,151.361,22,BO,0.30,D,U
wsm41309,-33.223,151.403,48,BO,0.28,D,U
wsm41310,-33.278,151.361,171,BO,0.31,D,U
wsm41311,-33.254,151.383,103,BO,0.29,D,U
wsm41312,-33.259,151.382,93,BO,0.31,D,U
wsm41313,-33.222,151.417,19,BO,0.29,D,U
wsm41314,-33.236,151.403,38,BO,0.19,D,U
wsm41315,-33.248,151.366,175,BO,0.34,D,U
wsm41316,-33.251,151.328,121,BO,0.34,D,U
wsm41317,-33.246,151.323,66,BO,0.31,D,U
wsm41318,-33.222,151.397,38,BO,0.27,D,U
wsm41319,-33.253,151.370,21,BO,0.31,D,U
wsm41320,-27.063,150.183,32,BO,0.55,D,U
wsm41321,-33.253,151.361,21,BO,0.38,D,U
wsm41322,-33.214,151.409,41,BO,0.22,D,U
wsm41323,-33.269,151.367,6,BO,0.24,D,U
wsm41324,-33.214,151.371,67,BO,0.32,D,U
wsm41325,-33.259,151.353,158,BO,0.44,D,U
wsm41326,-33.259,151.377,166,BO,0.16,D,U
wsm41327,-33.267,151.383,106,BO,0.34,E,U
wsm41328,-33.258,151.360,169,BO,0.38,D,U
wsm41329,-33.231,151.393,170,BO,0.28,D,U
wsm41330,-33.222,151.392,31,BO,0.24,D,U
wsm41331,-33.240,151.382,12,BO,0.26,D,U
wsm41332,-26.512,149.937,97,BO,0.76,D,U
wsm41333,-26.623,149.761,1,BO,0.59,D,U
wsm41334,-29.024,114.625,94,BO,1.98,D,U
wsm41335,-26.394,149.508,52,BO,0.84,D,U
wsm41336,-13.502,123.536,63,DIF,4.52,D,U
wsm41337,-33.215,151.399,24,BO,0.23,D,U
wsm41338,-26.232,149.568,71,DIF,0.65,D,U
wsm41339,-33.184,151.395,45,BO,0.36,D,U
wsm41340,-33.250,151.309,118,BO,0.24,D,U
wsm41341,-33.241,151.375,23,BO,0.24,D,U
wsm41342,-33.215,151.355,96,BO,0.46,D,U
wsm41343,-33.218,151.371,11,BO,0.16,E,U
wsm41344,-29.450,114.870,91,DIF,1.50,D,U
wsm41345,-21.000,114.862,101,DIF,2.67,D,U
wsm41346,-29.024,114.625,89,DIF,1.51,D,U
wsm41347,-33.253,151.402,45,BO,0.29,D,U
wsm41348,-33.218,151.393,17,BO,0.25,D,U
wsm41349,-33.214,151.387,29,BO,0.29,D,U
wsm41350,-33.247,151.401,33,BO,0.26,D,U
wsm41351,-33.232,151.376,30,BO,0.24,D,U
wsm41352,-33.210,151.395,52,BO,0.28,D,U
wsm41353,-33.210,151.389,45,BO,0.21,D,U
wsm41354,-33.240,151.340,113,BO,0.54,D,U
wsm41355,-26.232,149.568,106,BO,0.65,D,U
wsm41356,-26.289,149.856,14,DIF,0.61,D,U
wsm41357,-33.254,151.393,17,BO,0.30,D,U
wsm41358,-21.506,114.141,107,DIF,1.35,D,U
wsm41359,-19.965,115.216,117,BO,3.48,D,U
wsm41360,-26.394,149.508,91,DIF,0.84,D,U
wsm41361,-33.237,151.393,26,BO,0.20,D,U
wsm41362,-33.264,151.383,10,BO,0.25,D,U
wsm41363,-26.467,149.729,116,BO,0.64,D,U
wsm41364,-26.571,150.135,42,DIF,0.70,D,U
wsm41365,-29.216,115.096,64,BO,2.23,C,U
wsm41395,-21.889,113.701,55,FMS,21.60,C,SS
wsm41396,-29.400,114.102,999,FMS,10.00,E,U
wsm41397,-24.860,112.757,999,FMS,0.00,E,U
wsm41398,-21.676,113.446,130,FMS,22.40,C,NF
wsm41399,-23.737,114.959,145,FMS,15.00,C,SS
wsm41400,-25.032,117.440,48,FMS,5.50,C,TF
wsm41401,-25.061,117.556,158,FMS,1.50,C,SS
wsm41402,-24.433,116.413,160,FMS,5.00,C,NF
wsm41403,-22.269,113.904,91,FMS,26.10,C,NF
wsm41404,-25.188,117.411,77,FMS,14.10,C,SS
wsm41405,-25.085,117.473,21,FMS,10.00,C,SS
wsm41406,-25.967,113.276,157,FMS,18.50,C,TF
wsm41408,-20.042,116.482,38,FMS,13.60,C,TF
wsm41409,-28.741,112.923,175,FMS,15.00,C,TF
wsm41410,-25.535,113.319,72,FMS,0.00,C,TF
wsm41411,-22.145,115.369,999,FMS,5.70,E,U
wsm41412,-28.430,113.824,999,FMS,16.60,E,U
wsm41413,-23.774,114.667,124,FMS,18.70,C,SS
wsm41414,-23.842,114.861,75,FMS,15.00,C,SS
wsm41415,-23.833,114.933,128,FMS,0.00,C,SS
wsm41416,-23.219,115.047,999,FMS,10.00,E,U
wsm41417,-26.650,117.069,118,FMS,2.50,C,SS
wsm41418,-29.990,115.739,168,FMS,10.00,D,TF
wsm41419,-22.683,113.872,117,FMS,7.20,C,NS
wsm41420,-26.693,112.770,95,FMS,10.00,C,TF
wsm41421,-27.666,112.332,76,FMS,17.70,C,SS
wsm41432,-30.798,121.485,178,FMS,3.00,E,NF
wsm41487,-30.679,121.187,102,FMS,0.00,C,TF
wsm41489,-30.951,121.147,163,FMS,4.00,E,NF
wsm41627,-31.334,138.699,14,FMS,20.89,D,TS
wsm41628,-32.882,138.264,79,FMS,17.91,D,TF
wsm41629,-31.073,138.684,140,FMS,14.11,D,SS
wsm41630,-33.114,138.817,126,FMS,1.06,D,TF
wsm41631,-33.250,138.255,999,FMS,9.10,E,U
wsm41632,-31.947,138.751,999,FMS,16.04,E,U
wsm41633,-33.070,138.312,124,FMS,12.65,D,SS
wsm41634,-32.008,138.476,40,FMS,17.36,D,NF
wsm41635,-33.250,138.614,999,FMS,9.06,E,U
wsm41636,-31.638,138.666,115,FMS,8.61,D,TF
wsm41637,-33.147,138.308,999,FMS,9.93,E,U
wsm41638,-31.657,138.732,159,FMS,17.99,C,NF
wsm41639,-31.588,138.700,999,FMS,15.20,E,U
wsm41640,-33.504,138.618,39,FMS,7.71,D,TF
wsm41641,-32.794,138.347,10,FMS,12.38,D,TF
wsm41642,-32.639,138.542,81,FMS,8.37,D,SS
wsm41643,-32.777,138.256,64,FMS,9.76,D,NF
wsm41644,-32.867,138.264,177,FMS,0.00,D,TS
wsm41645,-32.149,138.444,153,FMS,6.51,D,TS
wsm41646,-32.594,138.478,39,FMS,10.14,D,NF
wsm41647,-32.707,138.086,999,FMS,10.88,E,U
wsm41648,-31.453,139.215,51,FMS,5.74,D,TF
wsm41649,-31.138,138.659,999,FMS,14.51,E,U
wsm41650,-32.206,138.409,78,FMS,15.84,D,NS
wsm41651,-32.989,138.176,56,FMS,9.72,D,TS
wsm41652,-32.134,138.245,99,FMS,16.33,C,TS
wsm41653,-32.013,138.733,999,FMS,15.95,E,U
wsm41654,-31.406,139.020,65,FMS,11.87,D,TF
wsm41655,-32.059,138.053,88,FMS,6.36,D,TF
wsm41656,-32.829,138.272,107,FMS,0.81,D,SS
wsm41657,-34.344,139.166,93,FMS,14.68,C,NF
wsm41658,-32.264,138.260,82,FMS,8.93,D,TF
wsm41659,-33.449,138.272,142,FMS,20.39,C,TF
wsm41660,-32.665,138.476,136,FMS,6.28,D,TF
wsm41661,-32.303,138.313,999,FMS,14.07,E,U
wsm41662,-32.972,138.662,149,FMS,1.34,D,TS
wsm41663,-31.547,138.587,999,FMS,10.82,E,U
wsm41664,-32.671,137.997,150,FMS,12.44,D,SS
wsm41665,-31.099,138.472,167,FMS,7.18,D,TF
wsm41666,-32.615,138.564,116,FMS,1.63,D,SS
wsm41667,-31.726,138.696,157,FMS,21.77,D,NF
wsm41668,-32.502,138.384,72,FMS,13.93,D,SS
wsm41669,-31.000,138.554,999,FMS,10.83,E,U
wsm41670,-32.394,139.042,176,FMS,3.92,D,TF
wsm41671,-32.365,138.113,49,FMS,16.95,C,SS
wsm41672,-32.325,138.199,999,FMS,17.39,E,U
wsm41673,-32.345,138.722,58,FMS,10.44,C,TF
wsm41674,-32.027,138.718,7,FMS,12.82,D,SS
wsm41675,-33.089,138.580,45,FMS,8.48,D,TS
wsm41676,-32.292,138.846,124,FMS,0.90,D,SS
wsm41677,-31.030,139.117,49,FMS,35.04,C,TS
wsm41678,-32.295,138.144,115,FMS,16.21,D,NS
wsm41679,-32.631,138.751,157,FMS,2.65,D,TF
wsm41680,-31.528,138.910,93,FMS,14.20,D,SS
wsm41681,-32.393,138.883,55,FMS,11.24,D,SS
wsm41682,-32.395,138.875,59,FMS,0.00,D,SS
wsm41683,-31.463,138.655,999,FMS,11.49,E,U
wsm41684,-33.230,138.252,141,FMS,1.72,D,NF
wsm41685,-32.877,138.274,145,FMS,4.88,D,SS
wsm41686,-32.308,138.560,24,FMS,20.27,D,TS
wsm41687,-32.522,138.363,999,FMS,13.12,E,U
wsm41688,-30.986,138.550,13,FMS,0.00,D,SS
wsm41689,-31.400,138.653,999,FMS,1.37,E,U
wsm41690,-31.984,138.630,153,FMS,0.00,D,SS
wsm41691,-31.710,138.760,131,FMS,12.06,D,TF
wsm42161,-32.270,143.306,86,DIF,1.88,D,U
wsm42162,-38.531,142.812,144,BO,1.39,A,U
wsm42163,-37.580,140.998,132,BO,3.28,B,U
wsm42164,-37.580,140.998,132,DIF,3.37,B,U
wsm42165,-38.579,142.728,134,BO,1.43,A,U
wsm42166,-38.579,142.728,130,BO,1.75,B,U
wsm42167,-38.720,142.661,130,BO,1.84,A,U
wsm42168,-38.550,142.978,141,BO,1.44,A,U
wsm42169,-38.550,142.978,138,DIF,1.44,D,U
wsm42170,-26.368,149.111,999,BO,0.00,E,U
wsm42171,-26.413,149.020,45,DIF,0.44,D,U
wsm42172,-38.302,148.707,124,BO,3.32,D,U
wsm42173,-38.302,148.707,146,BO,4.03,D,U
wsm42174,-38.302,148.707,999,BO,0.00,E,U
wsm42175,-38.303,148.707,96,BO,3.51,D,U
wsm42176,-38.322,148.732,999,BO,0.00,E,U
wsm42177,-38.111,148.255,136,BO,2.32,C,U
wsm42178,-38.111,148.255,139,DIF,2.05,D,U
wsm42179,-38.278,148.716,112,BO,3.05,D,U
wsm42180,-38.278,148.716,96,DIF,3.05,D,U
wsm42181,-38.214,148.591,157,BO,2.86,B,U
wsm42182,-38.214,148.591,124,DIF,2.81,D,U
wsm42448,-27.054,125.157,73,BOC,1.09,D,U
wsm42449,-30.656,129.983,110,BO,1.22,B,U
wsm42450,-30.656,129.983,95,DIF,0.86,D,U
